date,index_name,close_value
2022-01-03,Nifty 50,17046.54
2022-01-03,Nifty 100,18548.12
2022-01-04,Nifty 50,16909.83
2022-01-04,Nifty 100,18406.8
2022-01-05,Nifty 50,17016.42
2022-01-05,Nifty 100,18517.03
2022-01-06,Nifty 50,17149.57
2022-01-06,Nifty 100,18654.67
2022-01-07,Nifty 50,16887.04
2022-01-07,Nifty 100,18383.38
2022-01-10,Nifty 50,16716.18
2022-01-10,Nifty 100,18206.68
2022-01-11,Nifty 50,16738.3
2022-01-11,Nifty 100,18229.56
2022-01-12,Nifty 50,16700.97
2022-01-12,Nifty 100,18190.94
2022-01-13,Nifty 50,16703.74
2022-01-13,Nifty 100,18193.81
2022-01-14,Nifty 50,16594.75
2022-01-14,Nifty 100,18081.04
2022-01-17,Nifty 50,16716.48
2022-01-17,Nifty 100,18207.04
2022-01-18,Nifty 50,16825.51
2022-01-18,Nifty 100,18319.85
2022-01-19,Nifty 50,16839.45
2022-01-19,Nifty 100,18334.26
2022-01-20,Nifty 50,16996.36
2022-01-20,Nifty 100,18496.56
2022-01-21,Nifty 50,17065.02
2022-01-21,Nifty 100,18567.55
2022-01-24,Nifty 50,16952.83
2022-01-24,Nifty 100,18451.59
2022-01-25,Nifty 50,17007.93
2022-01-25,Nifty 100,18508.55
2022-01-26,Nifty 50,16882.56
2022-01-26,Nifty 100,18378.95
2022-01-27,Nifty 50,17006.27
2022-01-27,Nifty 100,18506.89
2022-01-28,Nifty 50,17004.58
2022-01-28,Nifty 100,18505.14
2022-01-31,Nifty 50,16984.53
2022-01-31,Nifty 100,18484.42
2022-02-01,Nifty 50,16897.11
2022-02-01,Nifty 100,18394.03
2022-02-02,Nifty 50,17067.43
2022-02-02,Nifty 100,18570.17
2022-02-03,Nifty 50,17051.45
2022-02-03,Nifty 100,18553.66
2022-02-04,Nifty 50,16998.14
2022-02-04,Nifty 100,18498.55
2022-02-07,Nifty 50,16955.36
2022-02-07,Nifty 100,18454.31
2022-02-08,Nifty 50,17032.65
2022-02-08,Nifty 100,18534.23
2022-02-09,Nifty 50,17087.55
2022-02-09,Nifty 100,18590.99
2022-02-10,Nifty 50,17149.1
2022-02-10,Nifty 100,18654.6
2022-02-11,Nifty 50,17213.35
2022-02-11,Nifty 100,18721.0
2022-02-14,Nifty 50,17513.43
2022-02-14,Nifty 100,19031.05
2022-02-15,Nifty 50,17461.74
2022-02-15,Nifty 100,18977.69
2022-02-16,Nifty 50,17395.43
2022-02-16,Nifty 100,18909.22
2022-02-17,Nifty 50,17287.4
2022-02-17,Nifty 100,18797.66
2022-02-18,Nifty 50,17377.77
2022-02-18,Nifty 100,18891.02
2022-02-21,Nifty 50,17539.94
2022-02-21,Nifty 100,19058.49
2022-02-22,Nifty 50,17529.21
2022-02-22,Nifty 100,19047.41
2022-02-23,Nifty 50,17416.65
2022-02-23,Nifty 100,18931.22
2022-02-24,Nifty 50,17307.0
2022-02-24,Nifty 100,18817.99
2022-02-25,Nifty 50,17402.27
2022-02-25,Nifty 100,18916.4
2022-02-28,Nifty 50,17510.97
2022-02-28,Nifty 100,19028.65
2022-03-01,Nifty 50,17592.31
2022-03-01,Nifty 100,19112.62
2022-03-02,Nifty 50,17503.92
2022-03-02,Nifty 100,19021.4
2022-03-03,Nifty 50,17541.68
2022-03-03,Nifty 100,19060.38
2022-03-04,Nifty 50,17563.32
2022-03-04,Nifty 100,19082.72
2022-03-07,Nifty 50,17599.32
2022-03-07,Nifty 100,19119.87
2022-03-08,Nifty 50,17727.29
2022-03-08,Nifty 100,19251.95
2022-03-09,Nifty 50,17764.32
2022-03-09,Nifty 100,19290.15
2022-03-10,Nifty 50,17866.13
2022-03-10,Nifty 100,19395.18
2022-03-11,Nifty 50,17881.15
2022-03-11,Nifty 100,19410.67
2022-03-14,Nifty 50,17927.87
2022-03-14,Nifty 100,19458.85
2022-03-15,Nifty 50,18023.79
2022-03-15,Nifty 100,19557.76
2022-03-16,Nifty 50,17819.09
2022-03-16,Nifty 100,19346.74
2022-03-17,Nifty 50,17778.87
2022-03-17,Nifty 100,19305.25
2022-03-18,Nifty 50,17717.3
2022-03-18,Nifty 100,19241.74
2022-03-21,Nifty 50,17632.06
2022-03-21,Nifty 100,19153.8
2022-03-22,Nifty 50,17598.54
2022-03-22,Nifty 100,19119.2
2022-03-23,Nifty 50,17814.29
2022-03-23,Nifty 100,19341.88
2022-03-24,Nifty 50,17696.24
2022-03-24,Nifty 100,19220.11
2022-03-25,Nifty 50,17838.63
2022-03-25,Nifty 100,19367.03
2022-03-28,Nifty 50,17603.82
2022-03-28,Nifty 100,19124.85
2022-03-29,Nifty 50,17561.94
2022-03-29,Nifty 100,19081.62
2022-03-30,Nifty 50,17590.07
2022-03-30,Nifty 100,19110.67
2022-03-31,Nifty 50,17677.84
2022-03-31,Nifty 100,19201.26
2022-04-01,Nifty 50,17783.73
2022-04-01,Nifty 100,19310.52
2022-04-04,Nifty 50,17901.93
2022-04-04,Nifty 100,19432.45
2022-04-05,Nifty 50,17857.36
2022-04-05,Nifty 100,19386.49
2022-04-06,Nifty 50,17796.67
2022-04-06,Nifty 100,19323.89
2022-04-07,Nifty 50,17924.16
2022-04-07,Nifty 100,19455.4
2022-04-08,Nifty 50,17902.11
2022-04-08,Nifty 100,19432.66
2022-04-11,Nifty 50,17724.78
2022-04-11,Nifty 100,19249.8
2022-04-12,Nifty 50,17569.4
2022-04-12,Nifty 100,19089.48
2022-04-13,Nifty 50,17445.43
2022-04-13,Nifty 100,18961.53
2022-04-14,Nifty 50,17520.05
2022-04-14,Nifty 100,19038.58
2022-04-15,Nifty 50,17545.27
2022-04-15,Nifty 100,19064.61
2022-04-18,Nifty 50,17647.45
2022-04-18,Nifty 100,19170.09
2022-04-19,Nifty 50,17592.43
2022-04-19,Nifty 100,19113.31
2022-04-20,Nifty 50,17620.02
2022-04-20,Nifty 100,19141.78
2022-04-21,Nifty 50,17713.49
2022-04-21,Nifty 100,19238.25
2022-04-22,Nifty 50,17674.96
2022-04-22,Nifty 100,19198.5
2022-04-25,Nifty 50,17744.85
2022-04-25,Nifty 100,19270.62
2022-04-26,Nifty 50,17656.21
2022-04-26,Nifty 100,19179.17
2022-04-27,Nifty 50,17610.23
2022-04-27,Nifty 100,19131.72
2022-04-28,Nifty 50,17561.73
2022-04-28,Nifty 100,19081.66
2022-04-29,Nifty 50,17398.99
2022-04-29,Nifty 100,18913.68
2022-05-02,Nifty 50,17471.99
2022-05-02,Nifty 100,18989.07
2022-05-03,Nifty 50,17411.62
2022-05-03,Nifty 100,18926.74
2022-05-04,Nifty 50,17418.59
2022-05-04,Nifty 100,18933.93
2022-05-05,Nifty 50,17490.8
2022-05-05,Nifty 100,19008.51
2022-05-06,Nifty 50,17558.53
2022-05-06,Nifty 100,19078.43
2022-05-09,Nifty 50,17657.27
2022-05-09,Nifty 100,19180.35
2022-05-10,Nifty 50,17648.65
2022-05-10,Nifty 100,19171.46
2022-05-11,Nifty 50,17594.18
2022-05-11,Nifty 100,19115.24
2022-05-12,Nifty 50,17588.24
2022-05-12,Nifty 100,19109.11
2022-05-13,Nifty 50,17356.1
2022-05-13,Nifty 100,18869.51
2022-05-16,Nifty 50,17160.37
2022-05-16,Nifty 100,18667.36
2022-05-17,Nifty 50,16983.94
2022-05-17,Nifty 100,18485.02
2022-05-18,Nifty 50,16853.54
2022-05-18,Nifty 100,18350.19
2022-05-19,Nifty 50,16912.49
2022-05-19,Nifty 100,18411.17
2022-05-20,Nifty 50,16795.06
2022-05-20,Nifty 100,18289.72
2022-05-23,Nifty 50,16749.28
2022-05-23,Nifty 100,18242.37
2022-05-24,Nifty 50,16928.4
2022-05-24,Nifty 100,18427.7
2022-05-25,Nifty 50,16885.23
2022-05-25,Nifty 100,18383.05
2022-05-26,Nifty 50,16989.92
2022-05-26,Nifty 100,18491.33
2022-05-27,Nifty 50,16868.12
2022-05-27,Nifty 100,18365.4
2022-05-30,Nifty 50,16845.46
2022-05-30,Nifty 100,18341.96
2022-05-31,Nifty 50,16722.48
2022-05-31,Nifty 100,18214.75
2022-06-01,Nifty 50,16682.14
2022-06-01,Nifty 100,18173.01
2022-06-02,Nifty 50,16799.29
2022-06-02,Nifty 100,18294.25
2022-06-03,Nifty 50,16572.19
2022-06-03,Nifty 100,18059.3
2022-06-06,Nifty 50,16634.76
2022-06-06,Nifty 100,18124.07
2022-06-07,Nifty 50,16671.39
2022-06-07,Nifty 100,18161.99
2022-06-08,Nifty 50,16597.14
2022-06-08,Nifty 100,18085.15
2022-06-09,Nifty 50,16410.12
2022-06-09,Nifty 100,17891.55
2022-06-10,Nifty 50,16424.51
2022-06-10,Nifty 100,17906.46
2022-06-13,Nifty 50,16359.87
2022-06-13,Nifty 100,17839.5
2022-06-14,Nifty 50,16395.23
2022-06-14,Nifty 100,17876.13
2022-06-15,Nifty 50,16403.01
2022-06-15,Nifty 100,17884.2
2022-06-16,Nifty 50,16618.12
2022-06-16,Nifty 100,18107.01
2022-06-17,Nifty 50,16591.29
2022-06-17,Nifty 100,18079.23
2022-06-20,Nifty 50,16460.42
2022-06-20,Nifty 100,17943.75
2022-06-21,Nifty 50,16488.96
2022-06-21,Nifty 100,17973.31
2022-06-22,Nifty 50,16522.93
2022-06-22,Nifty 100,18008.49
2022-06-23,Nifty 50,16707.55
2022-06-23,Nifty 100,18199.64
2022-06-24,Nifty 50,16824.18
2022-06-24,Nifty 100,18320.34
2022-06-27,Nifty 50,16877.26
2022-06-27,Nifty 100,18375.25
2022-06-28,Nifty 50,17079.9
2022-06-28,Nifty 100,18584.84
2022-06-29,Nifty 50,16922.59
2022-06-29,Nifty 100,18422.23
2022-06-30,Nifty 50,16841.06
2022-06-30,Nifty 100,18337.91
2022-07-01,Nifty 50,16721.27
2022-07-01,Nifty 100,18214.0
2022-07-04,Nifty 50,16674.14
2022-07-04,Nifty 100,18165.23
2022-07-05,Nifty 50,16495.51
2022-07-05,Nifty 100,17980.35
2022-07-06,Nifty 50,16584.27
2022-07-06,Nifty 100,18072.27
2022-07-07,Nifty 50,16559.76
2022-07-07,Nifty 100,18046.9
2022-07-08,Nifty 50,16369.88
2022-07-08,Nifty 100,17850.31
2022-07-11,Nifty 50,16241.79
2022-07-11,Nifty 100,17717.62
2022-07-12,Nifty 50,16287.4
2022-07-12,Nifty 100,17764.88
2022-07-13,Nifty 50,16401.5
2022-07-13,Nifty 100,17883.11
2022-07-14,Nifty 50,16668.41
2022-07-14,Nifty 100,18159.58
2022-07-15,Nifty 50,17061.97
2022-07-15,Nifty 100,18566.91
2022-07-18,Nifty 50,17123.65
2022-07-18,Nifty 100,18630.68
2022-07-19,Nifty 50,16993.23
2022-07-19,Nifty 100,18495.87
2022-07-20,Nifty 50,16708.49
2022-07-20,Nifty 100,18201.45
2022-07-21,Nifty 50,16749.28
2022-07-21,Nifty 100,18243.67
2022-07-22,Nifty 50,16645.38
2022-07-22,Nifty 100,18136.15
2022-07-25,Nifty 50,16595.06
2022-07-25,Nifty 100,18084.07
2022-07-26,Nifty 50,16518.78
2022-07-26,Nifty 100,18005.1
2022-07-27,Nifty 50,16505.13
2022-07-27,Nifty 100,17990.96
2022-07-28,Nifty 50,16650.83
2022-07-28,Nifty 100,18141.84
2022-07-29,Nifty 50,16676.75
2022-07-29,Nifty 100,18168.67
2022-08-01,Nifty 50,16660.59
2022-08-01,Nifty 100,18151.94
2022-08-02,Nifty 50,16527.55
2022-08-02,Nifty 100,18014.24
2022-08-03,Nifty 50,16311.08
2022-08-03,Nifty 100,17790.1
2022-08-04,Nifty 50,16252.52
2022-08-04,Nifty 100,17729.41
2022-08-05,Nifty 50,16250.4
2022-08-05,Nifty 100,17727.22
2022-08-08,Nifty 50,16485.11
2022-08-08,Nifty 100,17970.46
2022-08-09,Nifty 50,16507.24
2022-08-09,Nifty 100,17993.37
2022-08-10,Nifty 50,16641.97
2022-08-10,Nifty 100,18132.89
2022-08-11,Nifty 50,16580.49
2022-08-11,Nifty 100,18069.25
2022-08-12,Nifty 50,16428.28
2022-08-12,Nifty 100,17911.68
2022-08-15,Nifty 50,16306.37
2022-08-15,Nifty 100,17785.4
2022-08-16,Nifty 50,16216.66
2022-08-16,Nifty 100,17692.44
2022-08-17,Nifty 50,16497.66
2022-08-17,Nifty 100,17983.69
2022-08-18,Nifty 50,16394.2
2022-08-18,Nifty 100,17876.55
2022-08-19,Nifty 50,16509.09
2022-08-19,Nifty 100,17995.56
2022-08-22,Nifty 50,16394.79
2022-08-22,Nifty 100,17877.2
2022-08-23,Nifty 50,16521.89
2022-08-23,Nifty 100,18008.86
2022-08-24,Nifty 50,16577.73
2022-08-24,Nifty 100,18066.68
2022-08-25,Nifty 50,16561.93
2022-08-25,Nifty 100,18050.32
2022-08-26,Nifty 50,16561.49
2022-08-26,Nifty 100,18049.88
2022-08-29,Nifty 50,16479.71
2022-08-29,Nifty 100,17965.2
2022-08-30,Nifty 50,16543.46
2022-08-30,Nifty 100,18031.22
2022-08-31,Nifty 50,16488.21
2022-08-31,Nifty 100,17974.01
2022-09-01,Nifty 50,16331.49
2022-09-01,Nifty 100,17811.71
2022-09-02,Nifty 50,16169.42
2022-09-02,Nifty 100,17643.8
2022-09-05,Nifty 50,16196.6
2022-09-05,Nifty 100,17671.97
2022-09-06,Nifty 50,16406.07
2022-09-06,Nifty 100,17889.09
2022-09-07,Nifty 50,16431.99
2022-09-07,Nifty 100,17915.94
2022-09-08,Nifty 50,16421.32
2022-09-08,Nifty 100,17904.89
2022-09-09,Nifty 50,16463.8
2022-09-09,Nifty 100,17948.89
2022-09-12,Nifty 50,16640.75
2022-09-12,Nifty 100,18132.16
2022-09-13,Nifty 50,16674.95
2022-09-13,Nifty 100,18167.56
2022-09-14,Nifty 50,16625.13
2022-09-14,Nifty 100,18116.0
2022-09-15,Nifty 50,16777.26
2022-09-15,Nifty 100,18273.47
2022-09-16,Nifty 50,16839.84
2022-09-16,Nifty 100,18338.23
2022-09-19,Nifty 50,17051.78
2022-09-19,Nifty 100,18557.49
2022-09-20,Nifty 50,17081.9
2022-09-20,Nifty 100,18588.63
2022-09-21,Nifty 50,16919.69
2022-09-21,Nifty 100,18420.94
2022-09-22,Nifty 50,16739.58
2022-09-22,Nifty 100,18234.65
2022-09-23,Nifty 50,16965.68
2022-09-23,Nifty 100,18468.63
2022-09-26,Nifty 50,17204.72
2022-09-26,Nifty 100,18715.83
2022-09-27,Nifty 50,17185.17
2022-09-27,Nifty 100,18695.63
2022-09-28,Nifty 50,17137.65
2022-09-28,Nifty 100,18646.52
2022-09-29,Nifty 50,17343.15
2022-09-29,Nifty 100,18858.94
2022-09-30,Nifty 50,17194.76
2022-09-30,Nifty 100,18705.64
2022-10-03,Nifty 50,17076.84
2022-10-03,Nifty 100,18583.78
2022-10-04,Nifty 50,17169.85
2022-10-04,Nifty 100,18679.93
2022-10-05,Nifty 50,17120.8
2022-10-05,Nifty 100,18629.24
2022-10-06,Nifty 50,17125.23
2022-10-06,Nifty 100,18633.82
2022-10-07,Nifty 50,17107.98
2022-10-07,Nifty 100,18615.98
2022-10-10,Nifty 50,17159.31
2022-10-10,Nifty 100,18669.05
2022-10-11,Nifty 50,17357.67
2022-10-11,Nifty 100,18874.07
2022-10-12,Nifty 50,17375.46
2022-10-12,Nifty 100,18892.44
2022-10-13,Nifty 50,17470.18
2022-10-13,Nifty 100,18990.29
2022-10-14,Nifty 50,17188.89
2022-10-14,Nifty 100,18699.81
2022-10-17,Nifty 50,17187.35
2022-10-17,Nifty 100,18698.21
2022-10-18,Nifty 50,17076.56
2022-10-18,Nifty 100,18583.71
2022-10-19,Nifty 50,16915.18
2022-10-19,Nifty 100,18416.87
2022-10-20,Nifty 50,16801.42
2022-10-20,Nifty 100,18299.2
2022-10-21,Nifty 50,16761.55
2022-10-21,Nifty 100,18257.95
2022-10-24,Nifty 50,16889.39
2022-10-24,Nifty 100,18390.24
2022-10-25,Nifty 50,16715.24
2022-10-25,Nifty 100,18210.1
2022-10-26,Nifty 50,16724.35
2022-10-26,Nifty 100,18219.53
2022-10-27,Nifty 50,16664.59
2022-10-27,Nifty 100,18157.68
2022-10-28,Nifty 50,16625.91
2022-10-28,Nifty 100,18117.64
2022-10-31,Nifty 50,16764.27
2022-10-31,Nifty 100,18260.88
2022-11-01,Nifty 50,16841.47
2022-11-01,Nifty 100,18340.76
2022-11-02,Nifty 50,17026.71
2022-11-02,Nifty 100,18532.41
2022-11-03,Nifty 50,17010.77
2022-11-03,Nifty 100,18515.93
2022-11-04,Nifty 50,16921.17
2022-11-04,Nifty 100,18423.27
2022-11-07,Nifty 50,16895.94
2022-11-07,Nifty 100,18397.18
2022-11-08,Nifty 50,16933.79
2022-11-08,Nifty 100,18436.33
2022-11-09,Nifty 50,16962.79
2022-11-09,Nifty 100,18466.32
2022-11-10,Nifty 50,16820.72
2022-11-10,Nifty 100,18319.4
2022-11-11,Nifty 50,16837.95
2022-11-11,Nifty 100,18337.22
2022-11-14,Nifty 50,16873.74
2022-11-14,Nifty 100,18374.25
2022-11-15,Nifty 50,17218.64
2022-11-15,Nifty 100,18731.04
2022-11-16,Nifty 50,17482.33
2022-11-16,Nifty 100,19003.55
2022-11-17,Nifty 50,17368.25
2022-11-17,Nifty 100,18885.74
2022-11-18,Nifty 50,17333.53
2022-11-18,Nifty 100,18849.87
2022-11-21,Nifty 50,17135.79
2022-11-21,Nifty 100,18645.59
2022-11-22,Nifty 50,17059.96
2022-11-22,Nifty 100,18567.2
2022-11-23,Nifty 50,17108.15
2022-11-23,Nifty 100,18617.03
2022-11-24,Nifty 50,17278.32
2022-11-24,Nifty 100,18792.95
2022-11-25,Nifty 50,17182.72
2022-11-25,Nifty 100,18694.17
2022-11-28,Nifty 50,17097.96
2022-11-28,Nifty 100,18606.56
2022-11-29,Nifty 50,16809.37
2022-11-29,Nifty 100,18308.22
2022-11-30,Nifty 50,16792.54
2022-11-30,Nifty 100,18290.8
2022-12-01,Nifty 50,16654.85
2022-12-01,Nifty 100,18148.33
2022-12-02,Nifty 50,16589.31
2022-12-02,Nifty 100,18080.48
2022-12-05,Nifty 50,16477.91
2022-12-05,Nifty 100,17965.14
2022-12-06,Nifty 50,16470.43
2022-12-06,Nifty 100,17957.39
2022-12-07,Nifty 50,16243.77
2022-12-07,Nifty 100,17722.62
2022-12-08,Nifty 50,16058.0
2022-12-08,Nifty 100,17530.07
2022-12-09,Nifty 50,16336.35
2022-12-09,Nifty 100,17818.74
2022-12-12,Nifty 50,16172.99
2022-12-12,Nifty 100,17649.47
2022-12-13,Nifty 50,16035.94
2022-12-13,Nifty 100,17507.39
2022-12-14,Nifty 50,16276.4
2022-12-14,Nifty 100,17756.79
2022-12-15,Nifty 50,16659.56
2022-12-15,Nifty 100,18153.89
2022-12-16,Nifty 50,16508.41
2022-12-16,Nifty 100,17997.43
2022-12-19,Nifty 50,16464.73
2022-12-19,Nifty 100,17952.19
2022-12-20,Nifty 50,16514.66
2022-12-20,Nifty 100,18003.9
2022-12-21,Nifty 50,16748.01
2022-12-21,Nifty 100,18245.57
2022-12-22,Nifty 50,16620.81
2022-12-22,Nifty 100,18113.93
2022-12-23,Nifty 50,16593.18
2022-12-23,Nifty 100,18085.32
2022-12-26,Nifty 50,16701.35
2022-12-26,Nifty 100,18197.32
2022-12-27,Nifty 50,16764.45
2022-12-27,Nifty 100,18262.64
2022-12-28,Nifty 50,16719.03
2022-12-28,Nifty 100,18215.63
2022-12-29,Nifty 50,16706.14
2022-12-29,Nifty 100,18202.3
2022-12-30,Nifty 50,16527.4
2022-12-30,Nifty 100,18017.29
2023-01-02,Nifty 50,16500.87
2023-01-02,Nifty 100,17989.81
2023-01-03,Nifty 50,16470.65
2023-01-03,Nifty 100,17958.51
2023-01-04,Nifty 50,16506.19
2023-01-04,Nifty 100,17995.32
2023-01-05,Nifty 50,16437.81
2023-01-05,Nifty 100,17924.5
2023-01-06,Nifty 50,16504.75
2023-01-06,Nifty 100,17993.84
2023-01-09,Nifty 50,16643.42
2023-01-09,Nifty 100,18137.46
2023-01-10,Nifty 50,16669.1
2023-01-10,Nifty 100,18164.06
2023-01-11,Nifty 50,16721.01
2023-01-11,Nifty 100,18217.79
2023-01-12,Nifty 50,16733.14
2023-01-12,Nifty 100,18230.34
2023-01-13,Nifty 50,16738.17
2023-01-13,Nifty 100,18235.55
2023-01-16,Nifty 50,16646.57
2023-01-16,Nifty 100,18140.75
2023-01-17,Nifty 50,16693.71
2023-01-17,Nifty 100,18189.55
2023-01-18,Nifty 50,16685.73
2023-01-18,Nifty 100,18181.29
2023-01-19,Nifty 50,16970.14
2023-01-19,Nifty 100,18475.7
2023-01-20,Nifty 50,17188.84
2023-01-20,Nifty 100,18701.89
2023-01-23,Nifty 50,17247.05
2023-01-23,Nifty 100,18762.06
2023-01-24,Nifty 50,17146.94
2023-01-24,Nifty 100,18658.6
2023-01-25,Nifty 50,16999.49
2023-01-25,Nifty 100,18506.17
2023-01-26,Nifty 50,17166.58
2023-01-26,Nifty 100,18678.98
2023-01-27,Nifty 50,17207.81
2023-01-27,Nifty 100,18721.6
2023-01-30,Nifty 50,17279.07
2023-01-30,Nifty 100,18795.25
2023-01-31,Nifty 50,17043.1
2023-01-31,Nifty 100,18551.41
2023-02-01,Nifty 50,17174.66
2023-02-01,Nifty 100,18687.45
2023-02-02,Nifty 50,17242.25
2023-02-02,Nifty 100,18757.32
2023-02-03,Nifty 50,17094.25
2023-02-03,Nifty 100,18604.37
2023-02-06,Nifty 50,17034.9
2023-02-06,Nifty 100,18543.0
2023-02-07,Nifty 50,17075.95
2023-02-07,Nifty 100,18585.45
2023-02-08,Nifty 50,17088.24
2023-02-08,Nifty 100,18598.16
2023-02-09,Nifty 50,17053.42
2023-02-09,Nifty 100,18562.16
2023-02-10,Nifty 50,17044.42
2023-02-10,Nifty 100,18552.85
2023-02-13,Nifty 50,17015.18
2023-02-13,Nifty 100,18522.61
2023-02-14,Nifty 50,17041.05
2023-02-14,Nifty 100,18549.36
2023-02-15,Nifty 50,17246.77
2023-02-15,Nifty 100,18762.09
2023-02-16,Nifty 50,16897.81
2023-02-16,Nifty 100,18401.46
2023-02-17,Nifty 50,16870.86
2023-02-17,Nifty 100,18373.58
2023-02-20,Nifty 50,16899.74
2023-02-20,Nifty 100,18403.46
2023-02-21,Nifty 50,16944.83
2023-02-21,Nifty 100,18450.11
2023-02-22,Nifty 50,16899.5
2023-02-22,Nifty 100,18403.22
2023-02-23,Nifty 50,16667.07
2023-02-23,Nifty 100,18162.76
2023-02-24,Nifty 50,16715.8
2023-02-24,Nifty 100,18213.21
2023-02-27,Nifty 50,16951.81
2023-02-27,Nifty 100,18457.5
2023-02-28,Nifty 50,16748.88
2023-02-28,Nifty 100,18247.6
2023-03-01,Nifty 50,16869.65
2023-03-01,Nifty 100,18372.59
2023-03-02,Nifty 50,16830.37
2023-03-02,Nifty 100,18331.96
2023-03-03,Nifty 50,16827.17
2023-03-03,Nifty 100,18328.64
2023-03-06,Nifty 50,16690.48
2023-03-06,Nifty 100,18187.19
2023-03-07,Nifty 50,16650.82
2023-03-07,Nifty 100,18146.15
2023-03-08,Nifty 50,16828.99
2023-03-08,Nifty 100,18330.61
2023-03-09,Nifty 50,16912.49
2023-03-09,Nifty 100,18417.01
2023-03-10,Nifty 50,17151.94
2023-03-10,Nifty 100,18664.72
2023-03-13,Nifty 50,17318.65
2023-03-13,Nifty 100,18837.06
2023-03-14,Nifty 50,17384.68
2023-03-14,Nifty 100,18905.29
2023-03-15,Nifty 50,17632.44
2023-03-15,Nifty 100,19161.25
2023-03-16,Nifty 50,17699.65
2023-03-16,Nifty 100,19230.64
2023-03-17,Nifty 50,17822.2
2023-03-17,Nifty 100,19357.13
2023-03-20,Nifty 50,17785.26
2023-03-20,Nifty 100,19319.02
2023-03-21,Nifty 50,17800.07
2023-03-21,Nifty 100,19334.29
2023-03-22,Nifty 50,17706.09
2023-03-22,Nifty 100,19237.33
2023-03-23,Nifty 50,17851.58
2023-03-23,Nifty 100,19387.49
2023-03-24,Nifty 50,17688.66
2023-03-24,Nifty 100,19219.4
2023-03-27,Nifty 50,17804.67
2023-03-27,Nifty 100,19339.15
2023-03-28,Nifty 50,17782.86
2023-03-28,Nifty 100,19316.64
2023-03-29,Nifty 50,17954.82
2023-03-29,Nifty 100,19494.09
2023-03-30,Nifty 50,18068.06
2023-03-30,Nifty 100,19610.89
2023-03-31,Nifty 50,18336.64
2023-03-31,Nifty 100,19887.84
2023-04-03,Nifty 50,18449.34
2023-04-03,Nifty 100,20003.96
2023-04-04,Nifty 50,18222.85
2023-04-04,Nifty 100,19770.66
2023-04-05,Nifty 50,18218.56
2023-04-05,Nifty 100,19766.24
2023-04-06,Nifty 50,18053.21
2023-04-06,Nifty 100,19595.81
2023-04-07,Nifty 50,17983.77
2023-04-07,Nifty 100,19524.21
2023-04-10,Nifty 50,18206.59
2023-04-10,Nifty 100,19754.01
2023-04-11,Nifty 50,18304.91
2023-04-11,Nifty 100,19855.36
2023-04-12,Nifty 50,18208.05
2023-04-12,Nifty 100,19755.55
2023-04-13,Nifty 50,18065.85
2023-04-13,Nifty 100,19608.97
2023-04-14,Nifty 50,18076.0
2023-04-14,Nifty 100,19619.45
2023-04-17,Nifty 50,17905.5
2023-04-17,Nifty 100,19443.64
2023-04-18,Nifty 50,17814.74
2023-04-18,Nifty 100,19350.01
2023-04-19,Nifty 50,17864.55
2023-04-19,Nifty 100,19401.41
2023-04-20,Nifty 50,18035.02
2023-04-20,Nifty 100,19577.29
2023-04-21,Nifty 50,18128.26
2023-04-21,Nifty 100,19673.44
2023-04-24,Nifty 50,17801.41
2023-04-24,Nifty 100,19336.46
2023-04-25,Nifty 50,17850.09
2023-04-25,Nifty 100,19386.7
2023-04-26,Nifty 50,17865.73
2023-04-26,Nifty 100,19402.84
2023-04-27,Nifty 50,17930.25
2023-04-27,Nifty 100,19469.4
2023-04-28,Nifty 50,18167.46
2023-04-28,Nifty 100,19714.1
2023-05-01,Nifty 50,17873.04
2023-05-01,Nifty 100,19410.59
2023-05-02,Nifty 50,17793.88
2023-05-02,Nifty 100,19328.92
2023-05-03,Nifty 50,17883.34
2023-05-03,Nifty 100,19421.23
2023-05-04,Nifty 50,17662.43
2023-05-04,Nifty 100,19193.32
2023-05-05,Nifty 50,17876.28
2023-05-05,Nifty 100,19414.09
2023-05-08,Nifty 50,17934.32
2023-05-08,Nifty 100,19473.97
2023-05-09,Nifty 50,18061.16
2023-05-09,Nifty 100,19604.82
2023-05-10,Nifty 50,17984.09
2023-05-10,Nifty 100,19525.33
2023-05-11,Nifty 50,18106.56
2023-05-11,Nifty 100,19651.66
2023-05-12,Nifty 50,18266.76
2023-05-12,Nifty 100,19816.84
2023-05-15,Nifty 50,18306.27
2023-05-15,Nifty 100,19857.56
2023-05-16,Nifty 50,18346.09
2023-05-16,Nifty 100,19898.59
2023-05-17,Nifty 50,18391.28
2023-05-17,Nifty 100,19945.15
2023-05-18,Nifty 50,18269.77
2023-05-18,Nifty 100,19819.96
2023-05-19,Nifty 50,18253.69
2023-05-19,Nifty 100,19803.39
2023-05-22,Nifty 50,18236.89
2023-05-22,Nifty 100,19786.08
2023-05-23,Nifty 50,18298.3
2023-05-23,Nifty 100,19849.37
2023-05-24,Nifty 50,18450.15
2023-05-24,Nifty 100,20005.85
2023-05-25,Nifty 50,18299.44
2023-05-25,Nifty 100,19850.61
2023-05-26,Nifty 50,18286.63
2023-05-26,Nifty 100,19837.41
2023-05-29,Nifty 50,18508.84
2023-05-29,Nifty 100,20066.41
2023-05-30,Nifty 50,18404.29
2023-05-30,Nifty 100,19958.73
2023-05-31,Nifty 50,18288.75
2023-05-31,Nifty 100,19839.7
2023-06-01,Nifty 50,18323.84
2023-06-01,Nifty 100,19875.85
2023-06-02,Nifty 50,18453.11
2023-06-02,Nifty 100,20009.07
2023-06-05,Nifty 50,18460.34
2023-06-05,Nifty 100,20016.51
2023-06-06,Nifty 50,18662.14
2023-06-06,Nifty 100,20224.38
2023-06-07,Nifty 50,18795.65
2023-06-07,Nifty 100,20361.84
2023-06-08,Nifty 50,18927.87
2023-06-08,Nifty 100,20497.91
2023-06-09,Nifty 50,19017.46
2023-06-09,Nifty 100,20590.08
2023-06-12,Nifty 50,19377.29
2023-06-12,Nifty 100,20960.19
2023-06-13,Nifty 50,19351.3
2023-06-13,Nifty 100,20933.48
2023-06-14,Nifty 50,19046.94
2023-06-14,Nifty 100,20620.7
2023-06-15,Nifty 50,19297.1
2023-06-15,Nifty 100,20877.99
2023-06-16,Nifty 50,19232.23
2023-06-16,Nifty 100,20811.31
2023-06-19,Nifty 50,19254.6
2023-06-19,Nifty 100,20834.31
2023-06-20,Nifty 50,19462.1
2023-06-20,Nifty 100,21047.6
2023-06-21,Nifty 50,19218.47
2023-06-21,Nifty 100,20797.3
2023-06-22,Nifty 50,19031.8
2023-06-22,Nifty 100,20605.39
2023-06-23,Nifty 50,18793.7
2023-06-23,Nifty 100,20360.5
2023-06-26,Nifty 50,18679.94
2023-06-26,Nifty 100,20243.42
2023-06-27,Nifty 50,18751.25
2023-06-27,Nifty 100,20316.83
2023-06-28,Nifty 50,18835.51
2023-06-28,Nifty 100,20403.56
2023-06-29,Nifty 50,18882.79
2023-06-29,Nifty 100,20452.21
2023-06-30,Nifty 50,18675.04
2023-06-30,Nifty 100,20238.45
2023-07-03,Nifty 50,18335.51
2023-07-03,Nifty 100,19888.89
2023-07-04,Nifty 50,18348.98
2023-07-04,Nifty 100,19902.78
2023-07-05,Nifty 50,18285.23
2023-07-05,Nifty 100,19837.09
2023-07-06,Nifty 50,18357.92
2023-07-06,Nifty 100,19912.0
2023-07-07,Nifty 50,18466.52
2023-07-07,Nifty 100,20023.9
2023-07-10,Nifty 50,18492.48
2023-07-10,Nifty 100,20050.65
2023-07-11,Nifty 50,18610.48
2023-07-11,Nifty 100,20172.19
2023-07-12,Nifty 50,18650.19
2023-07-12,Nifty 100,20213.08
2023-07-13,Nifty 50,18734.87
2023-07-13,Nifty 100,20300.27
2023-07-14,Nifty 50,18634.88
2023-07-14,Nifty 100,20197.34
2023-07-17,Nifty 50,18613.69
2023-07-17,Nifty 100,20175.52
2023-07-18,Nifty 50,18648.58
2023-07-18,Nifty 100,20211.45
2023-07-19,Nifty 50,18776.59
2023-07-19,Nifty 100,20343.25
2023-07-20,Nifty 50,18723.07
2023-07-20,Nifty 100,20288.17
2023-07-21,Nifty 50,18806.75
2023-07-21,Nifty 100,20374.31
2023-07-24,Nifty 50,18772.4
2023-07-24,Nifty 100,20338.95
2023-07-25,Nifty 50,18760.38
2023-07-25,Nifty 100,20326.58
2023-07-26,Nifty 50,18890.5
2023-07-26,Nifty 100,20460.52
2023-07-27,Nifty 50,18594.97
2023-07-27,Nifty 100,20156.43
2023-07-28,Nifty 50,18407.69
2023-07-28,Nifty 100,19963.57
2023-07-31,Nifty 50,18194.94
2023-07-31,Nifty 100,19744.38
2023-08-01,Nifty 50,17860.72
2023-08-01,Nifty 100,19399.83
2023-08-02,Nifty 50,17769.16
2023-08-02,Nifty 100,19305.35
2023-08-03,Nifty 50,17881.03
2023-08-03,Nifty 100,19420.81
2023-08-04,Nifty 50,17845.64
2023-08-04,Nifty 100,19384.3
2023-08-07,Nifty 50,17879.23
2023-08-07,Nifty 100,19418.96
2023-08-08,Nifty 50,18040.39
2023-08-08,Nifty 100,19585.25
2023-08-09,Nifty 50,18237.42
2023-08-09,Nifty 100,19788.45
2023-08-10,Nifty 50,18232.8
2023-08-10,Nifty 100,19783.7
2023-08-11,Nifty 50,18435.71
2023-08-11,Nifty 100,19992.85
2023-08-14,Nifty 50,18454.83
2023-08-14,Nifty 100,20012.55
2023-08-15,Nifty 50,18336.73
2023-08-15,Nifty 100,19890.89
2023-08-16,Nifty 50,18255.04
2023-08-16,Nifty 100,19806.7
2023-08-17,Nifty 50,18044.3
2023-08-17,Nifty 100,19589.48
2023-08-18,Nifty 50,17921.5
2023-08-18,Nifty 100,19462.84
2023-08-21,Nifty 50,17875.55
2023-08-21,Nifty 100,19415.43
2023-08-22,Nifty 50,17995.83
2023-08-22,Nifty 100,19539.54
2023-08-23,Nifty 50,18248.96
2023-08-23,Nifty 100,19800.64
2023-08-24,Nifty 50,18052.65
2023-08-24,Nifty 100,19598.29
2023-08-25,Nifty 50,18114.8
2023-08-25,Nifty 100,19662.38
2023-08-28,Nifty 50,17969.44
2023-08-28,Nifty 100,19512.49
2023-08-29,Nifty 50,18043.07
2023-08-29,Nifty 100,19588.45
2023-08-30,Nifty 50,18029.56
2023-08-30,Nifty 100,19574.52
2023-08-31,Nifty 50,17770.88
2023-08-31,Nifty 100,19307.72
2023-09-01,Nifty 50,17908.19
2023-09-01,Nifty 100,19449.44
2023-09-04,Nifty 50,17826.89
2023-09-04,Nifty 100,19365.55
2023-09-05,Nifty 50,17756.09
2023-09-05,Nifty 100,19292.49
2023-09-06,Nifty 50,17609.46
2023-09-06,Nifty 100,19141.14
2023-09-07,Nifty 50,17522.57
2023-09-07,Nifty 100,19051.42
2023-09-08,Nifty 50,17587.81
2023-09-08,Nifty 100,19118.8
2023-09-11,Nifty 50,17566.46
2023-09-11,Nifty 100,19096.75
2023-09-12,Nifty 50,17617.92
2023-09-12,Nifty 100,19149.89
2023-09-13,Nifty 50,17674.21
2023-09-13,Nifty 100,19208.03
2023-09-14,Nifty 50,17866.25
2023-09-14,Nifty 100,19406.29
2023-09-15,Nifty 50,17822.61
2023-09-15,Nifty 100,19361.27
2023-09-18,Nifty 50,17617.39
2023-09-18,Nifty 100,19149.47
2023-09-19,Nifty 50,17773.09
2023-09-19,Nifty 100,19310.25
2023-09-20,Nifty 50,17731.29
2023-09-20,Nifty 100,19267.1
2023-09-21,Nifty 50,17894.71
2023-09-21,Nifty 100,19435.8
2023-09-22,Nifty 50,17954.96
2023-09-22,Nifty 100,19497.97
2023-09-25,Nifty 50,17941.51
2023-09-25,Nifty 100,19484.1
2023-09-26,Nifty 50,17996.96
2023-09-26,Nifty 100,19541.3
2023-09-27,Nifty 50,18283.25
2023-09-27,Nifty 100,19836.62
2023-09-28,Nifty 50,18592.53
2023-09-28,Nifty 100,20155.39
2023-09-29,Nifty 50,18608.43
2023-09-29,Nifty 100,20171.77
2023-10-02,Nifty 50,18637.86
2023-10-02,Nifty 100,20202.07
2023-10-03,Nifty 50,18803.92
2023-10-03,Nifty 100,20373.07
2023-10-04,Nifty 50,18682.35
2023-10-04,Nifty 100,20247.94
2023-10-05,Nifty 50,18737.73
2023-10-05,Nifty 100,20304.96
2023-10-06,Nifty 50,18739.48
2023-10-06,Nifty 100,20306.76
2023-10-09,Nifty 50,18792.16
2023-10-09,Nifty 100,20360.99
2023-10-10,Nifty 50,18672.51
2023-10-10,Nifty 100,20237.84
2023-10-11,Nifty 50,18440.66
2023-10-11,Nifty 100,19999.12
2023-10-12,Nifty 50,18140.38
2023-10-12,Nifty 100,19689.74
2023-10-13,Nifty 50,17983.66
2023-10-13,Nifty 100,19528.14
2023-10-16,Nifty 50,17923.07
2023-10-16,Nifty 100,19465.63
2023-10-17,Nifty 50,17886.4
2023-10-17,Nifty 100,19427.81
2023-10-18,Nifty 50,18168.97
2023-10-18,Nifty 100,19719.38
2023-10-19,Nifty 50,18335.18
2023-10-19,Nifty 100,19890.75
2023-10-20,Nifty 50,18199.56
2023-10-20,Nifty 100,19750.98
2023-10-23,Nifty 50,18255.64
2023-10-23,Nifty 100,19808.8
2023-10-24,Nifty 50,18201.67
2023-10-24,Nifty 100,19753.16
2023-10-25,Nifty 50,18165.72
2023-10-25,Nifty 100,19716.1
2023-10-26,Nifty 50,18198.1
2023-10-26,Nifty 100,19749.49
2023-10-27,Nifty 50,18293.71
2023-10-27,Nifty 100,19848.06
2023-10-30,Nifty 50,18249.54
2023-10-30,Nifty 100,19802.54
2023-10-31,Nifty 50,18410.34
2023-10-31,Nifty 100,19968.29
2023-11-01,Nifty 50,18247.67
2023-11-01,Nifty 100,19800.68
2023-11-02,Nifty 50,18254.07
2023-11-02,Nifty 100,19807.28
2023-11-03,Nifty 50,18638.89
2023-11-03,Nifty 100,20203.97
2023-11-06,Nifty 50,18677.75
2023-11-06,Nifty 100,20243.98
2023-11-07,Nifty 50,18897.51
2023-11-07,Nifty 100,20470.25
2023-11-08,Nifty 50,18917.01
2023-11-08,Nifty 100,20490.33
2023-11-09,Nifty 50,19010.58
2023-11-09,Nifty 100,20586.61
2023-11-10,Nifty 50,19007.65
2023-11-10,Nifty 100,20583.59
2023-11-13,Nifty 50,18987.44
2023-11-13,Nifty 100,20562.8
2023-11-14,Nifty 50,18874.73
2023-11-14,Nifty 100,20446.85
2023-11-15,Nifty 50,18945.37
2023-11-15,Nifty 100,20519.54
2023-11-16,Nifty 50,18821.99
2023-11-16,Nifty 100,20392.59
2023-11-17,Nifty 50,18927.86
2023-11-17,Nifty 100,20501.56
2023-11-20,Nifty 50,19097.87
2023-11-20,Nifty 100,20676.5
2023-11-21,Nifty 50,19159.6
2023-11-21,Nifty 100,20739.99
2023-11-22,Nifty 50,19121.47
2023-11-22,Nifty 100,20700.78
2023-11-23,Nifty 50,19196.65
2023-11-23,Nifty 100,20778.1
2023-11-24,Nifty 50,19155.01
2023-11-24,Nifty 100,20735.28
2023-11-27,Nifty 50,19304.12
2023-11-27,Nifty 100,20888.62
2023-11-28,Nifty 50,19027.08
2023-11-28,Nifty 100,20603.83
2023-11-29,Nifty 50,18981.7
2023-11-29,Nifty 100,20557.15
2023-11-30,Nifty 50,18685.09
2023-11-30,Nifty 100,20251.98
2023-12-01,Nifty 50,18467.21
2023-12-01,Nifty 100,20027.64
2023-12-04,Nifty 50,18674.24
2023-12-04,Nifty 100,20240.94
2023-12-05,Nifty 50,18813.58
2023-12-05,Nifty 100,20384.42
2023-12-06,Nifty 50,18710.94
2023-12-06,Nifty 100,20278.76
2023-12-07,Nifty 50,18491.64
2023-12-07,Nifty 100,20052.98
2023-12-08,Nifty 50,18058.64
2023-12-08,Nifty 100,19606.89
2023-12-11,Nifty 50,17985.54
2023-12-11,Nifty 100,19531.49
2023-12-12,Nifty 50,18339.19
2023-12-12,Nifty 100,19896.34
2023-12-13,Nifty 50,18408.5
2023-12-13,Nifty 100,19967.77
2023-12-14,Nifty 50,18331.61
2023-12-14,Nifty 100,19888.55
2023-12-15,Nifty 50,18405.32
2023-12-15,Nifty 100,19964.51
2023-12-18,Nifty 50,18181.0
2023-12-18,Nifty 100,19733.36
2023-12-19,Nifty 50,18143.21
2023-12-19,Nifty 100,19694.39
2023-12-20,Nifty 50,18163.09
2023-12-20,Nifty 100,19714.89
2023-12-21,Nifty 50,18156.03
2023-12-21,Nifty 100,19707.61
2023-12-22,Nifty 50,18276.34
2023-12-22,Nifty 100,19831.67
2023-12-25,Nifty 50,18332.21
2023-12-25,Nifty 100,19889.27
2023-12-26,Nifty 50,18435.73
2023-12-26,Nifty 100,19995.96
2023-12-27,Nifty 50,18339.73
2023-12-27,Nifty 100,19897.05
2023-12-28,Nifty 50,18476.96
2023-12-28,Nifty 100,20038.49
2023-12-29,Nifty 50,18723.29
2023-12-29,Nifty 100,20292.27
2024-01-01,Nifty 50,18583.59
2024-01-01,Nifty 100,20148.44
2024-01-02,Nifty 50,18457.19
2024-01-02,Nifty 100,20018.25
2024-01-03,Nifty 50,18659.97
2024-01-03,Nifty 100,20227.18
2024-01-04,Nifty 50,18637.0
2024-01-04,Nifty 100,20203.53
2024-01-05,Nifty 50,18851.9
2024-01-05,Nifty 100,20424.84
2024-01-08,Nifty 50,18790.81
2024-01-08,Nifty 100,20361.96
2024-01-09,Nifty 50,19015.18
2024-01-09,Nifty 100,20592.94
2024-01-10,Nifty 50,19040.89
2024-01-10,Nifty 100,20619.39
2024-01-11,Nifty 50,19085.93
2024-01-11,Nifty 100,20665.73
2024-01-12,Nifty 50,19330.57
2024-01-12,Nifty 100,20917.37
2024-01-15,Nifty 50,19280.43
2024-01-15,Nifty 100,20865.82
2024-01-16,Nifty 50,19141.05
2024-01-16,Nifty 100,20722.52
2024-01-17,Nifty 50,19078.1
2024-01-17,Nifty 100,20657.79
2024-01-18,Nifty 50,19152.86
2024-01-18,Nifty 100,20734.69
2024-01-19,Nifty 50,18918.7
2024-01-19,Nifty 100,20493.86
2024-01-22,Nifty 50,19020.86
2024-01-22,Nifty 100,20598.99
2024-01-23,Nifty 50,18944.58
2024-01-23,Nifty 100,20520.51
2024-01-24,Nifty 50,19124.22
2024-01-24,Nifty 100,20705.37
2024-01-25,Nifty 50,18763.65
2024-01-25,Nifty 100,20334.51
2024-01-26,Nifty 50,18651.21
2024-01-26,Nifty 100,20218.75
2024-01-29,Nifty 50,18405.17
2024-01-29,Nifty 100,19965.36
2024-01-30,Nifty 50,18289.03
2024-01-30,Nifty 100,19845.68
2024-01-31,Nifty 50,18330.76
2024-01-31,Nifty 100,19888.69
2024-02-01,Nifty 50,18309.97
2024-02-01,Nifty 100,19867.27
2024-02-02,Nifty 50,18278.35
2024-02-02,Nifty 100,19834.68
2024-02-05,Nifty 50,18260.56
2024-02-05,Nifty 100,19816.33
2024-02-06,Nifty 50,18295.75
2024-02-06,Nifty 100,19852.61
2024-02-07,Nifty 50,18153.62
2024-02-07,Nifty 100,19706.1
2024-02-08,Nifty 50,18261.72
2024-02-08,Nifty 100,19817.58
2024-02-09,Nifty 50,18364.01
2024-02-09,Nifty 100,19923.03
2024-02-12,Nifty 50,18426.09
2024-02-12,Nifty 100,19987.01
2024-02-13,Nifty 50,18513.65
2024-02-13,Nifty 100,20077.25
2024-02-14,Nifty 50,18563.11
2024-02-14,Nifty 100,20128.2
2024-02-15,Nifty 50,18870.9
2024-02-15,Nifty 100,20445.25
2024-02-16,Nifty 50,18863.41
2024-02-16,Nifty 100,20437.54
2024-02-19,Nifty 50,18822.73
2024-02-19,Nifty 100,20395.67
2024-02-20,Nifty 50,18714.91
2024-02-20,Nifty 100,20284.68
2024-02-21,Nifty 50,18565.97
2024-02-21,Nifty 100,20131.33
2024-02-22,Nifty 50,18386.7
2024-02-22,Nifty 100,19946.66
2024-02-23,Nifty 50,18261.48
2024-02-23,Nifty 100,19817.61
2024-02-26,Nifty 50,18256.64
2024-02-26,Nifty 100,19812.61
2024-02-27,Nifty 50,18310.94
2024-02-27,Nifty 100,19868.59
2024-02-28,Nifty 50,18323.92
2024-02-28,Nifty 100,19881.98
2024-02-29,Nifty 50,18217.2
2024-02-29,Nifty 100,19771.97
2024-03-01,Nifty 50,18353.86
2024-03-01,Nifty 100,19912.87
2024-03-04,Nifty 50,18467.93
2024-03-04,Nifty 100,20030.45
2024-03-05,Nifty 50,18449.88
2024-03-05,Nifty 100,20011.86
2024-03-06,Nifty 50,18359.05
2024-03-06,Nifty 100,19918.26
2024-03-07,Nifty 50,18445.11
2024-03-07,Nifty 100,20006.95
2024-03-08,Nifty 50,18478.38
2024-03-08,Nifty 100,20041.24
2024-03-11,Nifty 50,18269.85
2024-03-11,Nifty 100,19826.38
2024-03-12,Nifty 50,18265.39
2024-03-12,Nifty 100,19821.79
2024-03-13,Nifty 50,18309.16
2024-03-13,Nifty 100,19866.91
2024-03-14,Nifty 50,18182.87
2024-03-14,Nifty 100,19736.73
2024-03-15,Nifty 50,18215.94
2024-03-15,Nifty 100,19770.83
2024-03-18,Nifty 50,18009.4
2024-03-18,Nifty 100,19557.87
2024-03-19,Nifty 50,18207.31
2024-03-19,Nifty 100,19762.05
2024-03-20,Nifty 50,18394.55
2024-03-20,Nifty 100,19955.12
2024-03-21,Nifty 50,18362.91
2024-03-21,Nifty 100,19922.51
2024-03-22,Nifty 50,18421.81
2024-03-22,Nifty 100,19983.21
2024-03-25,Nifty 50,18072.18
2024-03-25,Nifty 100,19622.91
2024-03-26,Nifty 50,17910.42
2024-03-26,Nifty 100,19456.05
2024-03-27,Nifty 50,17873.7
2024-03-27,Nifty 100,19418.16
2024-03-28,Nifty 50,17725.75
2024-03-28,Nifty 100,19265.47
2024-03-29,Nifty 50,17832.38
2024-03-29,Nifty 100,19375.56
2024-04-01,Nifty 50,18122.66
2024-04-01,Nifty 100,19675.19
2024-04-02,Nifty 50,17957.51
2024-04-02,Nifty 100,19504.86
2024-04-03,Nifty 50,17842.59
2024-04-03,Nifty 100,19386.27
2024-04-04,Nifty 50,17881.55
2024-04-04,Nifty 100,19426.49
2024-04-05,Nifty 50,18117.39
2024-04-05,Nifty 100,19669.89
2024-04-08,Nifty 50,17945.65
2024-04-08,Nifty 100,19492.76
2024-04-09,Nifty 50,17986.79
2024-04-09,Nifty 100,19535.21
2024-04-10,Nifty 50,18254.26
2024-04-10,Nifty 100,19811.18
2024-04-11,Nifty 50,18018.52
2024-04-11,Nifty 100,19568.13
2024-04-12,Nifty 50,17839.26
2024-04-12,Nifty 100,19383.19
2024-04-15,Nifty 50,17784.16
2024-04-15,Nifty 100,19326.31
2024-04-16,Nifty 50,17715.43
2024-04-16,Nifty 100,19255.36
2024-04-17,Nifty 50,17835.91
2024-04-17,Nifty 100,19379.76
2024-04-18,Nifty 50,17875.74
2024-04-18,Nifty 100,19420.88
2024-04-19,Nifty 50,17627.27
2024-04-19,Nifty 100,19164.43
2024-04-22,Nifty 50,17705.25
2024-04-22,Nifty 100,19244.96
2024-04-23,Nifty 50,17628.75
2024-04-23,Nifty 100,19165.98
2024-04-24,Nifty 50,17813.78
2024-04-24,Nifty 100,19357.08
2024-04-25,Nifty 50,17729.68
2024-04-25,Nifty 100,19270.27
2024-04-26,Nifty 50,17644.71
2024-04-26,Nifty 100,19182.52
2024-04-29,Nifty 50,17726.38
2024-04-29,Nifty 100,19266.88
2024-04-30,Nifty 50,17839.89
2024-04-30,Nifty 100,19384.08
2024-05-01,Nifty 50,17909.2
2024-05-01,Nifty 100,19455.62
2024-05-02,Nifty 50,17673.07
2024-05-02,Nifty 100,19211.93
2024-05-03,Nifty 50,17754.44
2024-05-03,Nifty 100,19295.96
2024-05-06,Nifty 50,17612.86
2024-05-06,Nifty 100,19149.78
2024-05-07,Nifty 50,17651.29
2024-05-07,Nifty 100,19189.48
2024-05-08,Nifty 50,17455.54
2024-05-08,Nifty 100,18987.31
2024-05-09,Nifty 50,17523.11
2024-05-09,Nifty 100,19057.13
2024-05-10,Nifty 50,17415.29
2024-05-10,Nifty 100,18945.74
2024-05-13,Nifty 50,17241.82
2024-05-13,Nifty 100,18766.46
2024-05-14,Nifty 50,17345.45
2024-05-14,Nifty 100,18873.61
2024-05-15,Nifty 50,17384.18
2024-05-15,Nifty 100,18913.65
2024-05-16,Nifty 50,17304.01
2024-05-16,Nifty 100,18830.79
2024-05-17,Nifty 50,17510.09
2024-05-17,Nifty 100,19043.84
2024-05-20,Nifty 50,17453.62
2024-05-20,Nifty 100,18985.49
2024-05-21,Nifty 50,17463.34
2024-05-21,Nifty 100,18995.53
2024-05-22,Nifty 50,17506.15
2024-05-22,Nifty 100,19039.77
2024-05-23,Nifty 50,17424.61
2024-05-23,Nifty 100,18955.53
2024-05-24,Nifty 50,17495.52
2024-05-24,Nifty 100,19028.8
2024-05-27,Nifty 50,17426.1
2024-05-27,Nifty 100,18957.08
2024-05-28,Nifty 50,17373.94
2024-05-28,Nifty 100,18903.18
2024-05-29,Nifty 50,17568.55
2024-05-29,Nifty 100,19104.33
2024-05-30,Nifty 50,17427.57
2024-05-30,Nifty 100,18958.69
2024-05-31,Nifty 50,17096.4
2024-05-31,Nifty 100,18616.44
2024-06-03,Nifty 50,17321.86
2024-06-03,Nifty 100,18849.67
2024-06-04,Nifty 50,17680.33
2024-06-04,Nifty 100,19220.25
2024-06-05,Nifty 50,17628.31
2024-06-05,Nifty 100,19166.53
2024-06-06,Nifty 50,17360.46
2024-06-06,Nifty 100,18889.86
2024-06-07,Nifty 50,17322.54
2024-06-07,Nifty 100,18850.67
2024-06-10,Nifty 50,17288.08
2024-06-10,Nifty 100,18815.04
2024-06-11,Nifty 50,17267.0
2024-06-11,Nifty 100,18793.24
2024-06-12,Nifty 50,17118.38
2024-06-12,Nifty 100,18639.58
2024-06-13,Nifty 50,17202.88
2024-06-13,Nifty 100,18726.99
2024-06-14,Nifty 50,17280.23
2024-06-14,Nifty 100,18806.98
2024-06-17,Nifty 50,17078.82
2024-06-17,Nifty 100,18598.74
2024-06-18,Nifty 50,17179.48
2024-06-18,Nifty 100,18702.87
2024-06-19,Nifty 50,17466.74
2024-06-19,Nifty 100,18999.97
2024-06-20,Nifty 50,17496.01
2024-06-20,Nifty 100,19030.22
2024-06-21,Nifty 50,17454.05
2024-06-21,Nifty 100,18986.85
2024-06-24,Nifty 50,17439.45
2024-06-24,Nifty 100,18971.77
2024-06-25,Nifty 50,17530.52
2024-06-25,Nifty 100,19065.89
2024-06-26,Nifty 50,17293.07
2024-06-26,Nifty 100,18820.55
2024-06-27,Nifty 50,17321.0
2024-06-27,Nifty 100,18849.43
2024-06-28,Nifty 50,17272.09
2024-06-28,Nifty 100,18798.86
2024-07-01,Nifty 50,17532.6
2024-07-01,Nifty 100,19068.22
2024-07-02,Nifty 50,17513.43
2024-07-02,Nifty 100,19048.42
2024-07-03,Nifty 50,17752.36
2024-07-03,Nifty 100,19295.3
2024-07-04,Nifty 50,17600.94
2024-07-04,Nifty 100,19138.94
2024-07-05,Nifty 50,17688.91
2024-07-05,Nifty 100,19229.82
2024-07-08,Nifty 50,17739.41
2024-07-08,Nifty 100,19281.98
2024-07-09,Nifty 50,17621.4
2024-07-09,Nifty 100,19160.12
2024-07-10,Nifty 50,17651.7
2024-07-10,Nifty 100,19191.41
2024-07-11,Nifty 50,17828.22
2024-07-11,Nifty 100,19373.73
2024-07-12,Nifty 50,17787.38
2024-07-12,Nifty 100,19331.58
2024-07-15,Nifty 50,17551.96
2024-07-15,Nifty 100,19088.51
2024-07-16,Nifty 50,17554.76
2024-07-16,Nifty 100,19091.4
2024-07-17,Nifty 50,17433.29
2024-07-17,Nifty 100,18965.9
2024-07-18,Nifty 50,17390.77
2024-07-18,Nifty 100,18921.96
2024-07-19,Nifty 50,17384.64
2024-07-19,Nifty 100,18915.62
2024-07-22,Nifty 50,17152.64
2024-07-22,Nifty 100,18675.81
2024-07-23,Nifty 50,16936.08
2024-07-23,Nifty 100,18451.81
2024-07-24,Nifty 50,17006.48
2024-07-24,Nifty 100,18524.68
2024-07-25,Nifty 50,16940.46
2024-07-25,Nifty 100,18456.36
2024-07-26,Nifty 50,16597.96
2024-07-26,Nifty 100,18101.87
2024-07-29,Nifty 50,16707.15
2024-07-29,Nifty 100,18215.0
2024-07-30,Nifty 50,16748.57
2024-07-30,Nifty 100,18257.9
2024-07-31,Nifty 50,16657.94
2024-07-31,Nifty 100,18164.05
2024-08-01,Nifty 50,16487.45
2024-08-01,Nifty 100,17987.44
2024-08-02,Nifty 50,16602.64
2024-08-02,Nifty 100,18106.82
2024-08-05,Nifty 50,16654.03
2024-08-05,Nifty 100,18160.06
2024-08-06,Nifty 50,16976.46
2024-08-06,Nifty 100,18494.07
2024-08-07,Nifty 50,17038.62
2024-08-07,Nifty 100,18558.4
2024-08-08,Nifty 50,17096.58
2024-08-08,Nifty 100,18618.38
2024-08-09,Nifty 50,17078.88
2024-08-09,Nifty 100,18600.06
2024-08-12,Nifty 50,17195.6
2024-08-12,Nifty 100,18720.82
2024-08-13,Nifty 50,17286.75
2024-08-13,Nifty 100,18815.09
2024-08-14,Nifty 50,17465.04
2024-08-14,Nifty 100,18999.45
2024-08-15,Nifty 50,17397.44
2024-08-15,Nifty 100,18929.58
2024-08-16,Nifty 50,17342.06
2024-08-16,Nifty 100,18872.34
2024-08-19,Nifty 50,17280.79
2024-08-19,Nifty 100,18809.0
2024-08-20,Nifty 50,17395.3
2024-08-20,Nifty 100,18927.4
2024-08-21,Nifty 50,17609.04
2024-08-21,Nifty 100,19148.34
2024-08-22,Nifty 50,17549.68
2024-08-22,Nifty 100,19087.02
2024-08-23,Nifty 50,17495.31
2024-08-23,Nifty 100,19030.84
2024-08-26,Nifty 50,17544.52
2024-08-26,Nifty 100,19081.69
2024-08-27,Nifty 50,17515.29
2024-08-27,Nifty 100,19051.49
2024-08-28,Nifty 50,17653.95
2024-08-28,Nifty 100,19194.77
2024-08-29,Nifty 50,17341.22
2024-08-29,Nifty 100,18871.75
2024-08-30,Nifty 50,17231.73
2024-08-30,Nifty 100,18758.56
2024-09-02,Nifty 50,17129.04
2024-09-02,Nifty 100,18652.36
2024-09-03,Nifty 50,16816.22
2024-09-03,Nifty 100,18328.75
2024-09-04,Nifty 50,16691.63
2024-09-04,Nifty 100,18199.74
2024-09-05,Nifty 50,16574.43
2024-09-05,Nifty 100,18078.34
2024-09-06,Nifty 50,16552.74
2024-09-06,Nifty 100,18055.86
2024-09-09,Nifty 50,16705.08
2024-09-09,Nifty 100,18213.73
2024-09-10,Nifty 50,16677.34
2024-09-10,Nifty 100,18185.0
2024-09-11,Nifty 50,16544.82
2024-09-11,Nifty 100,18047.72
2024-09-12,Nifty 50,16542.24
2024-09-12,Nifty 100,18045.05
2024-09-13,Nifty 50,16686.05
2024-09-13,Nifty 100,18194.08
2024-09-16,Nifty 50,16560.78
2024-09-16,Nifty 100,18064.32
2024-09-17,Nifty 50,16445.11
2024-09-17,Nifty 100,17944.45
2024-09-18,Nifty 50,16523.52
2024-09-18,Nifty 100,18025.74
2024-09-19,Nifty 50,16499.2
2024-09-19,Nifty 100,18000.53
2024-09-20,Nifty 50,16589.61
2024-09-20,Nifty 100,18094.24
2024-09-23,Nifty 50,16592.78
2024-09-23,Nifty 100,18097.52
2024-09-24,Nifty 50,16690.89
2024-09-24,Nifty 100,18199.18
2024-09-25,Nifty 50,16557.69
2024-09-25,Nifty 100,18061.2
2024-09-26,Nifty 50,16561.06
2024-09-26,Nifty 100,18064.69
2024-09-27,Nifty 50,16538.11
2024-09-27,Nifty 100,18040.92
2024-09-30,Nifty 50,16382.2
2024-09-30,Nifty 100,17879.34
2024-10-01,Nifty 50,16182.21
2024-10-01,Nifty 100,17671.99
2024-10-02,Nifty 50,16275.84
2024-10-02,Nifty 100,17769.13
2024-10-03,Nifty 50,16235.03
2024-10-03,Nifty 100,17726.8
2024-10-04,Nifty 50,16107.13
2024-10-04,Nifty 100,17594.12
2024-10-07,Nifty 50,16099.57
2024-10-07,Nifty 100,17586.28
2024-10-08,Nifty 50,16249.68
2024-10-08,Nifty 100,17742.06
2024-10-09,Nifty 50,15958.06
2024-10-09,Nifty 100,17439.58
2024-10-10,Nifty 50,15771.78
2024-10-10,Nifty 100,17246.18
2024-10-11,Nifty 50,15660.07
2024-10-11,Nifty 100,17130.14
2024-10-14,Nifty 50,15847.83
2024-10-14,Nifty 100,17325.25
2024-10-15,Nifty 50,15888.41
2024-10-15,Nifty 100,17367.39
2024-10-16,Nifty 50,15990.71
2024-10-16,Nifty 100,17473.62
2024-10-17,Nifty 50,15849.65
2024-10-17,Nifty 100,17327.19
2024-10-18,Nifty 50,15712.45
2024-10-18,Nifty 100,17184.7
2024-10-21,Nifty 50,15773.45
2024-10-21,Nifty 100,17248.08
2024-10-22,Nifty 50,15785.54
2024-10-22,Nifty 100,17260.64
2024-10-23,Nifty 50,15859.57
2024-10-23,Nifty 100,17337.54
2024-10-24,Nifty 50,15840.52
2024-10-24,Nifty 100,17317.75
2024-10-25,Nifty 50,15880.52
2024-10-25,Nifty 100,17359.3
2024-10-28,Nifty 50,15905.37
2024-10-28,Nifty 100,17385.11
2024-10-29,Nifty 50,16009.11
2024-10-29,Nifty 100,17492.82
2024-10-30,Nifty 50,16117.27
2024-10-30,Nifty 100,17605.1
2024-10-31,Nifty 50,15913.24
2024-10-31,Nifty 100,17393.38
2024-11-01,Nifty 50,15631.92
2024-11-01,Nifty 100,17101.27
2024-11-04,Nifty 50,15761.88
2024-11-04,Nifty 100,17236.34
2024-11-05,Nifty 50,15916.38
2024-11-05,Nifty 100,17396.84
2024-11-06,Nifty 50,15791.2
2024-11-06,Nifty 100,17266.86
2024-11-07,Nifty 50,15560.98
2024-11-07,Nifty 100,17027.71
2024-11-08,Nifty 50,15577.98
2024-11-08,Nifty 100,17045.38
2024-11-11,Nifty 50,15698.66
2024-11-11,Nifty 100,17170.83
2024-11-12,Nifty 50,15929.12
2024-11-12,Nifty 100,17410.3
2024-11-13,Nifty 50,15999.7
2024-11-13,Nifty 100,17483.58
2024-11-14,Nifty 50,15956.92
2024-11-14,Nifty 100,17439.17
2024-11-15,Nifty 50,15847.69
2024-11-15,Nifty 100,17325.77
2024-11-18,Nifty 50,15853.9
2024-11-18,Nifty 100,17332.21
2024-11-19,Nifty 50,15820.7
2024-11-19,Nifty 100,17297.73
2024-11-20,Nifty 50,15696.97
2024-11-20,Nifty 100,17169.22
2024-11-21,Nifty 50,15958.95
2024-11-21,Nifty 100,17441.45
2024-11-22,Nifty 50,16191.66
2024-11-22,Nifty 100,17683.05
2024-11-25,Nifty 50,16343.67
2024-11-25,Nifty 100,17840.77
2024-11-26,Nifty 50,16228.17
2024-11-26,Nifty 100,17720.99
2024-11-27,Nifty 50,16344.05
2024-11-27,Nifty 100,17841.2
2024-11-28,Nifty 50,16432.58
2024-11-28,Nifty 100,17933.01
2024-11-29,Nifty 50,16495.69
2024-11-29,Nifty 100,17998.44
2024-12-02,Nifty 50,16665.55
2024-12-02,Nifty 100,18174.5
2024-12-03,Nifty 50,16755.26
2024-12-03,Nifty 100,18267.45
2024-12-04,Nifty 50,16859.48
2024-12-04,Nifty 100,18375.39
2024-12-05,Nifty 50,16950.44
2024-12-05,Nifty 100,18469.57
2024-12-06,Nifty 50,17001.74
2024-12-06,Nifty 100,18522.67
2024-12-09,Nifty 50,16764.24
2024-12-09,Nifty 100,18276.87
2024-12-10,Nifty 50,16780.49
2024-12-10,Nifty 100,18293.69
2024-12-11,Nifty 50,16710.86
2024-12-11,Nifty 100,18221.58
2024-12-12,Nifty 50,16544.77
2024-12-12,Nifty 100,18049.53
2024-12-13,Nifty 50,16772.34
2024-12-13,Nifty 100,18285.38
2024-12-16,Nifty 50,17009.36
2024-12-16,Nifty 100,18530.87
2024-12-17,Nifty 50,17199.42
2024-12-17,Nifty 100,18727.58
2024-12-18,Nifty 50,17239.7
2024-12-18,Nifty 100,18769.24
2024-12-19,Nifty 50,17431.14
2024-12-19,Nifty 100,18967.25
2024-12-20,Nifty 50,17438.05
2024-12-20,Nifty 100,18974.39
2024-12-23,Nifty 50,17471.58
2024-12-23,Nifty 100,19009.05
2024-12-24,Nifty 50,17323.98
2024-12-24,Nifty 100,18856.49
2024-12-25,Nifty 50,17384.2
2024-12-25,Nifty 100,18918.76
2024-12-26,Nifty 50,17397.81
2024-12-26,Nifty 100,18932.83
2024-12-27,Nifty 50,17221.72
2024-12-27,Nifty 100,18750.79
2024-12-30,Nifty 50,17219.84
2024-12-30,Nifty 100,18748.84
2024-12-31,Nifty 50,17214.02
2024-12-31,Nifty 100,18742.82
2025-01-01,Nifty 50,17466.73
2025-01-01,Nifty 100,19004.22
2025-01-02,Nifty 50,17596.92
2025-01-02,Nifty 100,19138.79
2025-01-03,Nifty 50,17603.81
2025-01-03,Nifty 100,19145.91
2025-01-06,Nifty 50,17644.13
2025-01-06,Nifty 100,19187.56
2025-01-07,Nifty 50,17655.66
2025-01-07,Nifty 100,19199.48
2025-01-08,Nifty 50,17632.3
2025-01-08,Nifty 100,19175.34
2025-01-09,Nifty 50,17484.9
2025-01-09,Nifty 100,19023.06
2025-01-10,Nifty 50,17469.02
2025-01-10,Nifty 100,19006.65
2025-01-13,Nifty 50,17369.99
2025-01-13,Nifty 100,18904.29
2025-01-14,Nifty 50,17201.46
2025-01-14,Nifty 100,18730.04
2025-01-15,Nifty 50,17276.97
2025-01-15,Nifty 100,18808.15
2025-01-16,Nifty 50,17336.23
2025-01-16,Nifty 100,18869.44
2025-01-17,Nifty 50,17093.64
2025-01-17,Nifty 100,18618.59
2025-01-20,Nifty 50,17081.99
2025-01-20,Nifty 100,18606.53
2025-01-21,Nifty 50,17223.18
2025-01-21,Nifty 100,18752.64
2025-01-22,Nifty 50,17374.29
2025-01-22,Nifty 100,18908.94
2025-01-23,Nifty 50,17522.09
2025-01-23,Nifty 100,19061.75
2025-01-24,Nifty 50,17532.8
2025-01-24,Nifty 100,19072.82
2025-01-27,Nifty 50,17419.53
2025-01-27,Nifty 100,18955.77
2025-01-28,Nifty 50,17273.74
2025-01-28,Nifty 100,18805.05
2025-01-29,Nifty 50,17326.54
2025-01-29,Nifty 100,18859.66
2025-01-30,Nifty 50,17384.31
2025-01-30,Nifty 100,18919.4
2025-01-31,Nifty 50,17568.56
2025-01-31,Nifty 100,19109.89
2025-02-03,Nifty 50,17728.43
2025-02-03,Nifty 100,19275.09
2025-02-04,Nifty 50,17715.0
2025-02-04,Nifty 100,19261.22
2025-02-05,Nifty 50,17543.98
2025-02-05,Nifty 100,19084.57
2025-02-06,Nifty 50,17504.46
2025-02-06,Nifty 100,19043.73
2025-02-07,Nifty 50,17540.13
2025-02-07,Nifty 100,19080.59
2025-02-10,Nifty 50,17517.04
2025-02-10,Nifty 100,19056.73
2025-02-11,Nifty 50,17441.31
2025-02-11,Nifty 100,18978.46
2025-02-12,Nifty 50,17481.83
2025-02-12,Nifty 100,19020.35
2025-02-13,Nifty 50,17416.59
2025-02-13,Nifty 100,18952.92
2025-02-14,Nifty 50,17334.3
2025-02-14,Nifty 100,18867.85
2025-02-17,Nifty 50,17382.7
2025-02-17,Nifty 100,18917.89
2025-02-18,Nifty 50,17332.01
2025-02-18,Nifty 100,18865.48
2025-02-19,Nifty 50,17371.05
2025-02-19,Nifty 100,18905.86
2025-02-20,Nifty 50,17414.23
2025-02-20,Nifty 100,18950.5
2025-02-21,Nifty 50,17260.72
2025-02-21,Nifty 100,18791.8
2025-02-24,Nifty 50,17199.44
2025-02-24,Nifty 100,18728.42
2025-02-25,Nifty 50,17402.44
2025-02-25,Nifty 100,18938.41
2025-02-26,Nifty 50,17245.87
2025-02-26,Nifty 100,18776.55
2025-02-27,Nifty 50,16959.02
2025-02-27,Nifty 100,18479.85
2025-02-28,Nifty 50,16711.51
2025-02-28,Nifty 100,18223.62
2025-03-03,Nifty 50,16720.41
2025-03-03,Nifty 100,18232.85
2025-03-04,Nifty 50,16729.56
2025-03-04,Nifty 100,18242.33
2025-03-05,Nifty 50,16718.84
2025-03-05,Nifty 100,18231.22
2025-03-06,Nifty 50,16886.25
2025-03-06,Nifty 100,18404.65
2025-03-07,Nifty 50,16530.25
2025-03-07,Nifty 100,18036.04
2025-03-10,Nifty 50,16587.57
2025-03-10,Nifty 100,18095.45
2025-03-11,Nifty 50,16799.75
2025-03-11,Nifty 100,18315.34
2025-03-12,Nifty 50,16653.21
2025-03-12,Nifty 100,18163.58
2025-03-13,Nifty 50,16607.61
2025-03-13,Nifty 100,18116.33
2025-03-14,Nifty 50,16512.56
2025-03-14,Nifty 100,18017.83
2025-03-17,Nifty 50,16399.37
2025-03-17,Nifty 100,17900.5
2025-03-18,Nifty 50,16361.49
2025-03-18,Nifty 100,17861.21
2025-03-19,Nifty 50,16553.24
2025-03-19,Nifty 100,18060.08
2025-03-20,Nifty 50,16801.53
2025-03-20,Nifty 100,18317.42
2025-03-21,Nifty 50,16761.41
2025-03-21,Nifty 100,18275.87
2025-03-24,Nifty 50,17021.89
2025-03-24,Nifty 100,18545.69
2025-03-25,Nifty 50,17031.84
2025-03-25,Nifty 100,18555.99
2025-03-26,Nifty 50,17275.9
2025-03-26,Nifty 100,18808.59
2025-03-27,Nifty 50,17268.19
2025-03-27,Nifty 100,18800.61
2025-03-28,Nifty 50,17291.48
2025-03-28,Nifty 100,18824.7
2025-03-31,Nifty 50,17347.22
2025-03-31,Nifty 100,18882.35
2025-04-01,Nifty 50,17793.58
2025-04-01,Nifty 100,19343.92
2025-04-02,Nifty 50,17920.1
2025-04-02,Nifty 100,19474.58
2025-04-03,Nifty 50,17824.08
2025-04-03,Nifty 100,19375.45
2025-04-04,Nifty 50,17967.6
2025-04-04,Nifty 100,19523.66
2025-04-07,Nifty 50,17920.98
2025-04-07,Nifty 100,19475.54
2025-04-08,Nifty 50,17856.14
2025-04-08,Nifty 100,19408.6
2025-04-09,Nifty 50,17991.29
2025-04-09,Nifty 100,19548.15
2025-04-10,Nifty 50,18001.16
2025-04-10,Nifty 100,19558.34
2025-04-11,Nifty 50,18046.68
2025-04-11,Nifty 100,19605.32
2025-04-14,Nifty 50,18054.11
2025-04-14,Nifty 100,19612.99
2025-04-15,Nifty 50,18108.14
2025-04-15,Nifty 100,19668.75
2025-04-16,Nifty 50,18175.14
2025-04-16,Nifty 100,19737.89
2025-04-17,Nifty 50,17898.95
2025-04-17,Nifty 100,19452.95
2025-04-18,Nifty 50,17999.77
2025-04-18,Nifty 100,19557.04
2025-04-21,Nifty 50,17863.76
2025-04-21,Nifty 100,19416.65
2025-04-22,Nifty 50,17663.0
2025-04-22,Nifty 100,19209.35
2025-04-23,Nifty 50,17660.05
2025-04-23,Nifty 100,19206.3
2025-04-24,Nifty 50,17677.21
2025-04-24,Nifty 100,19224.03
2025-04-25,Nifty 50,17584.44
2025-04-25,Nifty 100,19128.19
2025-04-28,Nifty 50,17706.62
2025-04-28,Nifty 100,19254.45
2025-04-29,Nifty 50,17521.81
2025-04-29,Nifty 100,19063.53
2025-04-30,Nifty 50,17470.02
2025-04-30,Nifty 100,19010.01
2025-05-01,Nifty 50,17393.52
2025-05-01,Nifty 100,18930.92
2025-05-02,Nifty 50,17392.26
2025-05-02,Nifty 100,18929.62
2025-05-05,Nifty 50,17436.27
2025-05-05,Nifty 100,18975.13
2025-05-06,Nifty 50,17300.91
2025-05-06,Nifty 100,18835.19
2025-05-07,Nifty 50,17406.35
2025-05-07,Nifty 100,18944.24
2025-05-08,Nifty 50,17420.35
2025-05-08,Nifty 100,18958.71
2025-05-09,Nifty 50,17161.9
2025-05-09,Nifty 100,18691.51
2025-05-12,Nifty 50,16898.15
2025-05-12,Nifty 100,18418.6
2025-05-13,Nifty 50,16901.55
2025-05-13,Nifty 100,18422.13
2025-05-14,Nifty 50,16876.74
2025-05-14,Nifty 100,18396.44
2025-05-15,Nifty 50,16867.84
2025-05-15,Nifty 100,18387.23
2025-05-16,Nifty 50,16869.13
2025-05-16,Nifty 100,18388.56
2025-05-19,Nifty 50,16904.63
2025-05-19,Nifty 100,18425.32
2025-05-20,Nifty 50,17037.86
2025-05-20,Nifty 100,18563.27
2025-05-21,Nifty 50,16891.52
2025-05-21,Nifty 100,18411.81
2025-05-22,Nifty 50,16738.22
2025-05-22,Nifty 100,18253.06
2025-05-23,Nifty 50,16596.84
2025-05-23,Nifty 100,18106.59
2025-05-26,Nifty 50,16640.18
2025-05-26,Nifty 100,18151.51
2025-05-27,Nifty 50,16810.9
2025-05-27,Nifty 100,18328.43
2025-05-28,Nifty 50,16757.93
2025-05-28,Nifty 100,18273.57
2025-05-29,Nifty 50,16427.57
2025-05-29,Nifty 100,17931.34
2025-05-30,Nifty 50,16208.56
2025-05-30,Nifty 100,17704.23
2025-06-02,Nifty 50,16105.41
2025-06-02,Nifty 100,17597.19
2025-06-03,Nifty 50,16038.38
2025-06-03,Nifty 100,17527.62
2025-06-04,Nifty 50,15990.79
2025-06-04,Nifty 100,17478.21
2025-06-05,Nifty 50,16000.52
2025-06-05,Nifty 100,17488.32
2025-06-06,Nifty 50,15965.42
2025-06-06,Nifty 100,17451.87
2025-06-09,Nifty 50,16104.23
2025-06-09,Nifty 100,17596.02
2025-06-10,Nifty 50,16021.97
2025-06-10,Nifty 100,17510.63
2025-06-11,Nifty 50,15916.25
2025-06-11,Nifty 100,17400.86
2025-06-12,Nifty 50,15982.0
2025-06-12,Nifty 100,17469.15
2025-06-13,Nifty 50,15790.45
2025-06-13,Nifty 100,17270.25
2025-06-16,Nifty 50,15844.42
2025-06-16,Nifty 100,17326.32
2025-06-17,Nifty 50,15862.17
2025-06-17,Nifty 100,17344.76
2025-06-18,Nifty 50,15848.22
2025-06-18,Nifty 100,17330.27
2025-06-19,Nifty 50,16054.34
2025-06-19,Nifty 100,17544.4
2025-06-20,Nifty 50,15979.25
2025-06-20,Nifty 100,17466.44
2025-06-23,Nifty 50,16247.42
2025-06-23,Nifty 100,17744.91
2025-06-24,Nifty 50,16222.99
2025-06-24,Nifty 100,17719.57
2025-06-25,Nifty 50,16062.12
2025-06-25,Nifty 100,17552.64
2025-06-26,Nifty 50,16075.92
2025-06-26,Nifty 100,17566.97
2025-06-27,Nifty 50,15942.33
2025-06-27,Nifty 100,17428.29
2025-06-30,Nifty 50,15851.24
2025-06-30,Nifty 100,17333.68
2025-07-01,Nifty 50,15906.34
2025-07-01,Nifty 100,17390.93
2025-07-02,Nifty 50,15981.81
2025-07-02,Nifty 100,17469.32
2025-07-03,Nifty 50,15907.06
2025-07-03,Nifty 100,17391.69
2025-07-04,Nifty 50,16037.48
2025-07-04,Nifty 100,17527.16
2025-07-07,Nifty 50,16190.8
2025-07-07,Nifty 100,17686.34
2025-07-08,Nifty 50,16381.7
2025-07-08,Nifty 100,17884.45
2025-07-09,Nifty 50,16456.0
2025-07-09,Nifty 100,17961.5
2025-07-10,Nifty 50,16640.43
2025-07-10,Nifty 100,18152.74
2025-07-11,Nifty 50,16395.04
2025-07-11,Nifty 100,17898.44
2025-07-14,Nifty 50,16358.26
2025-07-14,Nifty 100,17860.29
2025-07-15,Nifty 50,16249.71
2025-07-15,Nifty 100,17747.7
2025-07-16,Nifty 50,16270.08
2025-07-16,Nifty 100,17768.84
2025-07-17,Nifty 50,16200.58
2025-07-17,Nifty 100,17696.73
2025-07-18,Nifty 50,16183.91
2025-07-18,Nifty 100,17679.43
2025-07-21,Nifty 50,16432.45
2025-07-21,Nifty 100,17937.36
2025-07-22,Nifty 50,16415.07
2025-07-22,Nifty 100,17919.34
2025-07-23,Nifty 50,16474.33
2025-07-23,Nifty 100,17980.8
2025-07-24,Nifty 50,16448.66
2025-07-24,Nifty 100,17954.18
2025-07-25,Nifty 50,16463.56
2025-07-25,Nifty 100,17969.63
2025-07-28,Nifty 50,16469.29
2025-07-28,Nifty 100,17975.57
2025-07-29,Nifty 50,16533.3
2025-07-29,Nifty 100,18041.94
2025-07-30,Nifty 50,16692.39
2025-07-30,Nifty 100,18206.87
2025-07-31,Nifty 50,16917.39
2025-07-31,Nifty 100,18440.01
2025-08-01,Nifty 50,16964.37
2025-08-01,Nifty 100,18488.66
2025-08-04,Nifty 50,17049.47
2025-08-04,Nifty 100,18576.77
2025-08-05,Nifty 50,16897.61
2025-08-05,Nifty 100,18419.58
2025-08-06,Nifty 50,16890.8
2025-08-06,Nifty 100,18412.53
2025-08-07,Nifty 50,17022.93
2025-08-07,Nifty 100,18549.35
2025-08-08,Nifty 50,17145.96
2025-08-08,Nifty 100,18676.72
2025-08-11,Nifty 50,17180.13
2025-08-11,Nifty 100,18712.08
2025-08-12,Nifty 50,17307.12
2025-08-12,Nifty 100,18843.47
2025-08-13,Nifty 50,17380.26
2025-08-13,Nifty 100,18919.12
2025-08-14,Nifty 50,17552.37
2025-08-14,Nifty 100,19097.1
2025-08-15,Nifty 50,17598.26
2025-08-15,Nifty 100,19144.54
2025-08-18,Nifty 50,17553.46
2025-08-18,Nifty 100,19098.24
2025-08-19,Nifty 50,17605.89
2025-08-19,Nifty 100,19152.43
2025-08-20,Nifty 50,17198.41
2025-08-20,Nifty 100,18731.32
2025-08-21,Nifty 50,17256.25
2025-08-21,Nifty 100,18791.16
2025-08-22,Nifty 50,16757.76
2025-08-22,Nifty 100,18275.48
2025-08-25,Nifty 50,16531.74
2025-08-25,Nifty 100,18041.31
2025-08-26,Nifty 50,16596.44
2025-08-26,Nifty 100,18108.39
2025-08-27,Nifty 50,16664.83
2025-08-27,Nifty 100,18179.27
2025-08-28,Nifty 50,16514.85
2025-08-28,Nifty 100,18023.85
2025-08-29,Nifty 50,16425.72
2025-08-29,Nifty 100,17931.44
2025-09-01,Nifty 50,16610.75
2025-09-01,Nifty 100,18123.33
2025-09-02,Nifty 50,16551.41
2025-09-02,Nifty 100,18061.83
2025-09-03,Nifty 50,16853.37
2025-09-03,Nifty 100,18374.86
2025-09-04,Nifty 50,16858.16
2025-09-04,Nifty 100,18379.83
2025-09-05,Nifty 50,16918.25
2025-09-05,Nifty 100,18442.06
2025-09-08,Nifty 50,17142.16
2025-09-08,Nifty 100,18673.94
2025-09-09,Nifty 50,17165.27
2025-09-09,Nifty 100,18697.86
2025-09-10,Nifty 50,17032.78
2025-09-10,Nifty 100,18560.75
2025-09-11,Nifty 50,17022.94
2025-09-11,Nifty 100,18550.56
2025-09-12,Nifty 50,17023.19
2025-09-12,Nifty 100,18550.83
2025-09-15,Nifty 50,16842.44
2025-09-15,Nifty 100,18363.7
2025-09-16,Nifty 50,16813.03
2025-09-16,Nifty 100,18333.23
2025-09-17,Nifty 50,16718.24
2025-09-17,Nifty 100,18235.05
2025-09-18,Nifty 50,16846.89
2025-09-18,Nifty 100,18368.35
2025-09-19,Nifty 50,16856.61
2025-09-19,Nifty 100,18378.41
2025-09-22,Nifty 50,16823.53
2025-09-22,Nifty 100,18344.15
2025-09-23,Nifty 50,16814.28
2025-09-23,Nifty 100,18334.58
2025-09-24,Nifty 50,16849.34
2025-09-24,Nifty 100,18370.89
2025-09-25,Nifty 50,16937.54
2025-09-25,Nifty 100,18462.25
2025-09-26,Nifty 50,16807.16
2025-09-26,Nifty 100,18327.24
2025-09-29,Nifty 50,16672.15
2025-09-29,Nifty 100,18187.38
2025-09-30,Nifty 50,16824.49
2025-09-30,Nifty 100,18345.26
2025-10-01,Nifty 50,16774.04
2025-10-01,Nifty 100,18293.0
2025-10-02,Nifty 50,16588.94
2025-10-02,Nifty 100,18101.23
2025-10-03,Nifty 50,16652.82
2025-10-03,Nifty 100,18167.44
2025-10-06,Nifty 50,16719.55
2025-10-06,Nifty 100,18236.6
2025-10-07,Nifty 50,16519.82
2025-10-07,Nifty 100,18029.64
2025-10-08,Nifty 50,16555.1
2025-10-08,Nifty 100,18066.23
2025-10-09,Nifty 50,16657.49
2025-10-09,Nifty 100,18172.37
2025-10-10,Nifty 50,16712.38
2025-10-10,Nifty 100,18229.26
2025-10-13,Nifty 50,16801.89
2025-10-13,Nifty 100,18322.01
2025-10-14,Nifty 50,16618.17
2025-10-14,Nifty 100,18131.69
2025-10-15,Nifty 50,16667.17
2025-10-15,Nifty 100,18182.48
2025-10-16,Nifty 50,16631.82
2025-10-16,Nifty 100,18145.84
2025-10-17,Nifty 50,16572.57
2025-10-17,Nifty 100,18084.43
2025-10-20,Nifty 50,16692.96
2025-10-20,Nifty 100,18209.24
2025-10-21,Nifty 50,16895.52
2025-10-21,Nifty 100,18419.14
2025-10-22,Nifty 50,17143.12
2025-10-22,Nifty 100,18675.58
2025-10-23,Nifty 50,17328.58
2025-10-23,Nifty 100,18867.52
2025-10-24,Nifty 50,17318.57
2025-10-24,Nifty 100,18857.16
2025-10-27,Nifty 50,17372.63
2025-10-27,Nifty 100,18913.08
2025-10-28,Nifty 50,17484.42
2025-10-28,Nifty 100,19028.7
2025-10-29,Nifty 50,17506.61
2025-10-29,Nifty 100,19051.64
2025-10-30,Nifty 50,17530.18
2025-10-30,Nifty 100,19076.01
2025-10-31,Nifty 50,17650.96
2025-10-31,Nifty 100,19200.87
2025-11-03,Nifty 50,17647.89
2025-11-03,Nifty 100,19197.69
2025-11-04,Nifty 50,17550.22
2025-11-04,Nifty 100,19096.76
2025-11-05,Nifty 50,17497.29
2025-11-05,Nifty 100,19042.05
2025-11-06,Nifty 50,17591.27
2025-11-06,Nifty 100,19139.21
2025-11-07,Nifty 50,17596.97
2025-11-07,Nifty 100,19145.1
2025-11-10,Nifty 50,17650.14
2025-11-10,Nifty 100,19200.06
2025-11-11,Nifty 50,17750.06
2025-11-11,Nifty 100,19303.31
2025-11-12,Nifty 50,17702.15
2025-11-12,Nifty 100,19253.82
2025-11-13,Nifty 50,17814.56
2025-11-13,Nifty 100,19369.97
2025-11-14,Nifty 50,17873.9
2025-11-14,Nifty 100,19431.26
2025-11-17,Nifty 50,17702.69
2025-11-17,Nifty 100,19254.44
2025-11-18,Nifty 50,17912.26
2025-11-18,Nifty 100,19470.99
2025-11-19,Nifty 50,17845.88
2025-11-19,Nifty 100,19402.44
2025-11-20,Nifty 50,17614.94
2025-11-20,Nifty 100,19163.91
2025-11-21,Nifty 50,17472.96
2025-11-21,Nifty 100,19017.17
2025-11-24,Nifty 50,17335.48
2025-11-24,Nifty 100,18875.01
2025-11-25,Nifty 50,17347.91
2025-11-25,Nifty 100,18887.88
2025-11-26,Nifty 50,17315.11
2025-11-26,Nifty 100,18853.95
2025-11-27,Nifty 50,17273.65
2025-11-27,Nifty 100,18811.06
2025-11-28,Nifty 50,17364.47
2025-11-28,Nifty 100,18905.01
2025-12-01,Nifty 50,17416.89
2025-12-01,Nifty 100,18959.23
2025-12-02,Nifty 50,17466.15
2025-12-02,Nifty 100,19010.18
2025-12-03,Nifty 50,17528.66
2025-12-03,Nifty 100,19074.81
2025-12-04,Nifty 50,17620.31
2025-12-04,Nifty 100,19169.56
2025-12-05,Nifty 50,17328.46
2025-12-05,Nifty 100,18867.92
2025-12-08,Nifty 50,17283.14
2025-12-08,Nifty 100,18821.04
2025-12-09,Nifty 50,16986.87
2025-12-09,Nifty 100,18514.55
2025-12-10,Nifty 50,16996.87
2025-12-10,Nifty 100,18524.9
2025-12-11,Nifty 50,17001.34
2025-12-11,Nifty 100,18529.52
2025-12-12,Nifty 50,17148.64
2025-12-12,Nifty 100,18682.04
2025-12-15,Nifty 50,17316.72
2025-12-15,Nifty 100,18855.99
2025-12-16,Nifty 50,17350.0
2025-12-16,Nifty 100,18890.42
2025-12-17,Nifty 50,17285.76
2025-12-17,Nifty 100,18823.97
2025-12-18,Nifty 50,17358.04
2025-12-18,Nifty 100,18898.74
2025-12-19,Nifty 50,17289.93
2025-12-19,Nifty 100,18828.31
2025-12-22,Nifty 50,17294.93
2025-12-22,Nifty 100,18833.47
2025-12-23,Nifty 50,17436.56
2025-12-23,Nifty 100,18979.99
2025-12-24,Nifty 50,17363.98
2025-12-24,Nifty 100,18904.94
2025-12-25,Nifty 50,17481.11
2025-12-25,Nifty 100,19026.09
2025-12-26,Nifty 50,17581.09
2025-12-26,Nifty 100,19129.46
2025-12-29,Nifty 50,17452.07
2025-12-29,Nifty 100,18996.1
2025-12-30,Nifty 50,17593.28
2025-12-30,Nifty 100,19142.12
2025-12-31,Nifty 50,17696.88
2025-12-31,Nifty 100,19249.2
2026-01-01,Nifty 50,17716.62
2026-01-01,Nifty 100,19269.6
2026-01-02,Nifty 50,17613.89
2026-01-02,Nifty 100,19163.45
2026-01-05,Nifty 50,17498.1
2026-01-05,Nifty 100,19043.77
2026-01-06,Nifty 50,17428.09
2026-01-06,Nifty 100,18971.38
2026-01-07,Nifty 50,17508.97
2026-01-07,Nifty 100,19055.02
2026-01-08,Nifty 50,17380.36
2026-01-08,Nifty 100,18922.06
2026-01-09,Nifty 50,17446.41
2026-01-09,Nifty 100,18990.37
2026-01-12,Nifty 50,17278.33
2026-01-12,Nifty 100,18816.56
2026-01-13,Nifty 50,17255.31
2026-01-13,Nifty 100,18792.74
2026-01-14,Nifty 50,17275.62
2026-01-14,Nifty 100,18813.76
2026-01-15,Nifty 50,17618.73
2026-01-15,Nifty 100,19168.74
2026-01-16,Nifty 50,17429.88
2026-01-16,Nifty 100,18973.55
2026-01-19,Nifty 50,17640.37
2026-01-19,Nifty 100,19191.22
2026-01-20,Nifty 50,17666.81
2026-01-20,Nifty 100,19218.55
2026-01-21,Nifty 50,17730.22
2026-01-21,Nifty 100,19284.08
2026-01-22,Nifty 50,17752.32
2026-01-22,Nifty 100,19306.92
2026-01-23,Nifty 50,17820.81
2026-01-23,Nifty 100,19377.68
2026-01-26,Nifty 50,17804.25
2026-01-26,Nifty 100,19360.57
2026-01-27,Nifty 50,18016.69
2026-01-27,Nifty 100,19580.04
2026-01-28,Nifty 50,17956.31
2026-01-28,Nifty 100,19517.69
2026-01-29,Nifty 50,18124.34
2026-01-29,Nifty 100,19691.2
2026-01-30,Nifty 50,18036.35
2026-01-30,Nifty 100,19600.38
2026-02-02,Nifty 50,18033.06
2026-02-02,Nifty 100,19596.99
2026-02-03,Nifty 50,17883.83
2026-02-03,Nifty 100,19442.92
2026-02-04,Nifty 50,17954.29
2026-02-04,Nifty 100,19515.7
2026-02-05,Nifty 50,18167.25
2026-02-05,Nifty 100,19735.6
2026-02-06,Nifty 50,18161.46
2026-02-06,Nifty 100,19729.62
2026-02-09,Nifty 50,18138.3
2026-02-09,Nifty 100,19705.73
2026-02-10,Nifty 50,17982.0
2026-02-10,Nifty 100,19544.41
2026-02-11,Nifty 50,17954.41
2026-02-11,Nifty 100,19515.92
2026-02-12,Nifty 50,17731.02
2026-02-12,Nifty 100,19285.24
2026-02-13,Nifty 50,17606.85
2026-02-13,Nifty 100,19156.94
2026-02-16,Nifty 50,17644.07
2026-02-16,Nifty 100,19195.42
2026-02-17,Nifty 50,17835.55
2026-02-17,Nifty 100,19393.31
2026-02-18,Nifty 50,18241.73
2026-02-18,Nifty 100,19812.89
2026-02-19,Nifty 50,18161.6
2026-02-19,Nifty 100,19730.21
2026-02-20,Nifty 50,18375.59
2026-02-20,Nifty 100,19951.05
2026-02-23,Nifty 50,18416.93
2026-02-23,Nifty 100,19993.7
2026-02-24,Nifty 50,18400.17
2026-02-24,Nifty 100,19976.41
2026-02-25,Nifty 50,18469.37
2026-02-25,Nifty 100,20047.78
2026-02-26,Nifty 50,18484.06
2026-02-26,Nifty 100,20062.93
2026-02-27,Nifty 50,18505.93
2026-02-27,Nifty 100,20085.48
2026-03-02,Nifty 50,18451.03
2026-03-02,Nifty 100,20028.88
2026-03-03,Nifty 50,18250.19
2026-03-03,Nifty 100,19821.76
2026-03-04,Nifty 50,18030.29
2026-03-04,Nifty 100,19594.87
2026-03-05,Nifty 50,18129.93
2026-03-05,Nifty 100,19697.74
2026-03-06,Nifty 50,18095.24
2026-03-06,Nifty 100,19661.93
2026-03-09,Nifty 50,18014.37
2026-03-09,Nifty 100,19578.46
2026-03-10,Nifty 50,18021.0
2026-03-10,Nifty 100,19585.31
2026-03-11,Nifty 50,18141.01
2026-03-11,Nifty 100,19709.21
2026-03-12,Nifty 50,18172.63
2026-03-12,Nifty 100,19741.85
2026-03-13,Nifty 50,18082.71
2026-03-13,Nifty 100,19649.04
2026-03-16,Nifty 50,18265.53
2026-03-16,Nifty 100,19837.76
2026-03-17,Nifty 50,18501.76
2026-03-17,Nifty 100,20081.51
2026-03-18,Nifty 50,18580.52
2026-03-18,Nifty 100,20162.71
2026-03-19,Nifty 50,18730.82
2026-03-19,Nifty 100,20317.66
2026-03-20,Nifty 50,18922.54
2026-03-20,Nifty 100,20515.22
2026-03-23,Nifty 50,19099.29
2026-03-23,Nifty 100,20697.27
2026-03-24,Nifty 50,19198.85
2026-03-24,Nifty 100,20799.77
2026-03-25,Nifty 50,19296.52
2026-03-25,Nifty 100,20900.28
2026-03-26,Nifty 50,19382.53
2026-03-26,Nifty 100,20988.78
2026-03-27,Nifty 50,19218.19
2026-03-27,Nifty 100,20819.72
2026-03-30,Nifty 50,19331.69
2026-03-30,Nifty 100,20936.53
2026-03-31,Nifty 50,19127.8
2026-03-31,Nifty 100,20726.76
2026-04-01,Nifty 50,19011.95
2026-04-01,Nifty 100,20607.5
2026-04-02,Nifty 50,19215.92
2026-04-02,Nifty 100,20817.54
2026-04-03,Nifty 50,19350.85
2026-04-03,Nifty 100,20956.4
2026-04-06,Nifty 50,19586.91
2026-04-06,Nifty 100,21199.27
2026-04-07,Nifty 50,19550.22
2026-04-07,Nifty 100,21161.54
2026-04-08,Nifty 50,19375.87
2026-04-08,Nifty 100,20982.26
2026-04-09,Nifty 50,19344.42
2026-04-09,Nifty 100,20949.9
2026-04-10,Nifty 50,19366.01
2026-04-10,Nifty 100,20972.11
2026-04-13,Nifty 50,19384.06
2026-04-13,Nifty 100,20990.68
2026-04-14,Nifty 50,19565.67
2026-04-14,Nifty 100,21177.52
2026-04-15,Nifty 50,19515.0
2026-04-15,Nifty 100,21125.41
2026-04-16,Nifty 50,19575.81
2026-04-16,Nifty 100,21187.95
2026-04-17,Nifty 50,19426.86
2026-04-17,Nifty 100,21034.79
2026-04-20,Nifty 50,19502.67
2026-04-20,Nifty 100,21112.78
2026-04-21,Nifty 50,19509.01
2026-04-21,Nifty 100,21119.29
2026-04-22,Nifty 50,19397.83
2026-04-22,Nifty 100,21004.96
2026-04-23,Nifty 50,19367.06
2026-04-23,Nifty 100,20973.3
2026-04-24,Nifty 50,19344.33
2026-04-24,Nifty 100,20949.92
2026-04-27,Nifty 50,19308.33
2026-04-27,Nifty 100,20912.88
2026-04-28,Nifty 50,19587.73
2026-04-28,Nifty 100,21200.37
2026-04-29,Nifty 50,19578.18
2026-04-29,Nifty 100,21190.55
2026-04-30,Nifty 50,19545.86
2026-04-30,Nifty 100,21157.31
2026-05-01,Nifty 50,19223.75
2026-05-01,Nifty 100,20826.08
2026-05-04,Nifty 50,19091.99
2026-05-04,Nifty 100,20690.48
2026-05-05,Nifty 50,19057.54
2026-05-05,Nifty 100,20655.01
2026-05-06,Nifty 50,18958.69
2026-05-06,Nifty 100,20553.23
2026-05-07,Nifty 50,19173.94
2026-05-07,Nifty 100,20774.92
2026-05-08,Nifty 50,19154.4
2026-05-08,Nifty 100,20754.8
2026-05-11,Nifty 50,19357.58
2026-05-11,Nifty 100,20963.95
2026-05-12,Nifty 50,19372.94
2026-05-12,Nifty 100,20979.75
2026-05-13,Nifty 50,19384.52
2026-05-13,Nifty 100,20991.67
2026-05-14,Nifty 50,19376.57
2026-05-14,Nifty 100,20983.49
2026-05-15,Nifty 50,19382.97
2026-05-15,Nifty 100,20990.07
2026-05-18,Nifty 50,19655.31
2026-05-18,Nifty 100,21270.24
2026-05-19,Nifty 50,19296.46
2026-05-19,Nifty 100,20901.33
2026-05-20,Nifty 50,18993.27
2026-05-20,Nifty 100,20589.34
2026-05-21,Nifty 50,18916.43
2026-05-21,Nifty 100,20510.22
2026-05-22,Nifty 50,18924.31
2026-05-22,Nifty 100,20518.33
2026-05-25,Nifty 50,19034.46
2026-05-25,Nifty 100,20631.79
2026-05-26,Nifty 50,19112.21
2026-05-26,Nifty 100,20711.85
2026-05-27,Nifty 50,19059.2
2026-05-27,Nifty 100,20657.27
2026-05-28,Nifty 50,19220.29
2026-05-28,Nifty 100,20823.14
2026-05-29,Nifty 50,19384.46
2026-05-29,Nifty 100,20992.11
2026-06-01,Nifty 50,19418.82
2026-06-01,Nifty 100,21027.46
2026-06-02,Nifty 50,19574.2
2026-06-02,Nifty 100,21187.29
2026-06-03,Nifty 50,19622.76
2026-06-03,Nifty 100,21237.23
2026-06-04,Nifty 50,19540.51
2026-06-04,Nifty 100,21152.66
2026-06-05,Nifty 50,19655.45
2026-06-05,Nifty 100,21270.87
2026-06-08,Nifty 50,19678.74
2026-06-08,Nifty 100,21294.81
2026-06-09,Nifty 50,19684.86
2026-06-09,Nifty 100,21301.1
2026-06-10,Nifty 50,19922.72
2026-06-10,Nifty 100,21545.62
